Truth,Predictions
6.525000000000000000e+01,6.568928527832031250e+01
6.662500000000000000e+01,6.622004699707031250e+01
6.355555725097656250e+01,6.647541046142578125e+01
6.262500000000000000e+01,6.622267913818359375e+01
6.587500000000000000e+01,6.619335937500000000e+01
6.355555725097656250e+01,6.680464172363281250e+01
6.475000000000000000e+01,6.727813720703125000e+01
6.425000000000000000e+01,6.754311370849609375e+01
6.222222137451171875e+01,6.782874298095703125e+01
6.225000000000000000e+01,6.708011627197265625e+01
6.277777862548828125e+01,6.688610839843750000e+01
6.033333206176757812e+01,6.675378417968750000e+01
6.612500000000000000e+01,6.661801910400390625e+01
6.637500000000000000e+01,6.715308380126953125e+01
6.600000000000000000e+01,6.845162963867187500e+01
6.562500000000000000e+01,6.903115081787109375e+01
6.300000000000000000e+01,6.937009429931640625e+01
6.375000000000000000e+01,6.914339447021484375e+01
6.712500000000000000e+01,6.930265045166015625e+01
6.333333206176757812e+01,6.967326354980468750e+01
6.537500000000000000e+01,6.992614746093750000e+01
6.711111450195312500e+01,7.016616058349609375e+01
6.675000000000000000e+01,7.059853363037109375e+01
6.433333587646484375e+01,7.122474670410156250e+01
6.662500000000000000e+01,7.138272094726562500e+01
6.662500000000000000e+01,7.165432739257812500e+01
6.700000000000000000e+01,7.183985900878906250e+01
6.675000000000000000e+01,7.205710601806640625e+01
6.762500000000000000e+01,7.227508544921875000e+01
6.777777862548828125e+01,7.262702178955078125e+01
6.762500000000000000e+01,7.297447204589843750e+01
6.785713958740234375e+01,7.332783508300781250e+01
6.737500000000000000e+01,7.364355468750000000e+01
6.844444274902343750e+01,7.354552459716796875e+01
6.655555725097656250e+01,7.367242431640625000e+01
6.875000000000000000e+01,7.357765197753906250e+01
6.762500000000000000e+01,7.368283081054687500e+01
6.787500000000000000e+01,7.386054229736328125e+01
6.811111450195312500e+01,7.413941955566406250e+01
6.750000000000000000e+01,7.446028900146484375e+01
6.766666412353515625e+01,7.439833068847656250e+01
6.700000000000000000e+01,7.449424743652343750e+01
6.812500000000000000e+01,7.455910491943359375e+01
6.650000000000000000e+01,7.466392517089843750e+01
6.725000000000000000e+01,7.463600921630859375e+01
6.725000000000000000e+01,7.460990142822265625e+01
6.737500000000000000e+01,7.459339141845703125e+01
6.725000000000000000e+01,7.477888488769531250e+01
6.685713958740234375e+01,7.439141845703125000e+01
6.750000000000000000e+01,7.460275268554687500e+01
6.733333587646484375e+01,7.444341278076171875e+01
6.675000000000000000e+01,7.462338256835937500e+01
6.777777862548828125e+01,7.477400970458984375e+01
6.725000000000000000e+01,7.483130645751953125e+01
6.800000000000000000e+01,7.487500762939453125e+01
6.850000000000000000e+01,7.455875396728515625e+01
6.733333587646484375e+01,7.461121368408203125e+01
6.687500000000000000e+01,7.453472137451171875e+01
6.637500000000000000e+01,7.397558593750000000e+01
6.487500000000000000e+01,7.302887725830078125e+01
6.712500000000000000e+01,7.193774414062500000e+01
6.511111450195312500e+01,7.044369506835937500e+01
6.600000000000000000e+01,6.914910888671875000e+01
6.450000000000000000e+01,6.810570526123046875e+01
6.625000000000000000e+01,6.734215545654296875e+01
6.483333587646484375e+01,6.709191131591796875e+01
6.655555725097656250e+01,6.783537292480468750e+01
6.737500000000000000e+01,6.856111145019531250e+01
6.687500000000000000e+01,6.964630126953125000e+01
6.575000000000000000e+01,7.076634216308593750e+01
6.525000000000000000e+01,7.110179138183593750e+01
6.287500000000000000e+01,7.177914428710937500e+01
6.700000000000000000e+01,7.192389678955078125e+01
6.562500000000000000e+01,7.208247375488281250e+01
6.433333587646484375e+01,7.226301574707031250e+01
6.737500000000000000e+01,7.231149291992187500e+01
6.725000000000000000e+01,7.228551483154296875e+01
6.675000000000000000e+01,7.247196960449218750e+01
6.466666412353515625e+01,7.255348205566406250e+01
6.600000000000000000e+01,7.233338165283203125e+01
6.737500000000000000e+01,7.207389068603515625e+01
6.377777862548828125e+01,7.231747436523437500e+01
6.500000000000000000e+01,7.198578643798828125e+01
6.477777862548828125e+01,7.165653991699218750e+01
6.437500000000000000e+01,7.134944915771484375e+01
6.455555725097656250e+01,7.106163787841796875e+01
6.425000000000000000e+01,7.089972686767578125e+01
6.575000000000000000e+01,7.104899597167968750e+01
6.387500000000000000e+01,7.116744995117187500e+01
6.655555725097656250e+01,7.110208129882812500e+01
6.587500000000000000e+01,7.149140167236328125e+01
6.512500000000000000e+01,7.148911285400390625e+01
6.312500000000000000e+01,7.154795074462890625e+01
6.622222137451171875e+01,7.124002075195312500e+01
6.362500000000000000e+01,7.096006011962890625e+01
6.444444274902343750e+01,7.105236053466796875e+01
6.387500000000000000e+01,7.121090698242187500e+01
6.400000000000000000e+01,7.143690490722656250e+01
6.344444274902343750e+01,7.124816894531250000e+01
6.362500000000000000e+01,7.065425109863281250e+01
6.288888931274414062e+01,7.044759368896484375e+01
6.200000000000000000e+01,7.071424865722656250e+01
9.982553592635667883e-07,7.068084716796875000e+01
9.982553592635667883e-07,5.423956298828125000e+01
9.982553592635667883e-07,4.696859359741210938e+01
9.982553592635667883e-07,4.133491516113281250e+01
9.982553592635667883e-07,3.731962203979492188e+01
9.982553592635667883e-07,3.466783523559570312e+01
9.982553592635667883e-07,3.301350021362304688e+01
9.982553592635667883e-07,3.201525497436523438e+01
9.982553592635667883e-07,3.146837997436523438e+01
6.162500000000000000e+01,3.101800727844238281e+01
6.275000000000000000e+01,3.670214080810546875e+01
6.277777862548828125e+01,4.314579010009765625e+01
6.325000000000000000e+01,4.877148818969726562e+01
6.514286041259765625e+01,5.421204376220703125e+01
6.237500000000000000e+01,5.928431701660156250e+01
6.300000000000000000e+01,6.354581832885742188e+01
6.200000000000000000e+01,6.679756164550781250e+01
6.211111068725585938e+01,6.855003356933593750e+01
6.300000000000000000e+01,6.920588684082031250e+01
6.266666793823242188e+01,6.956536102294921875e+01
6.512500000000000000e+01,6.969563293457031250e+01
6.512500000000000000e+01,7.058638000488281250e+01
6.377777862548828125e+01,7.105265808105468750e+01
6.550000000000000000e+01,7.071807098388671875e+01
6.150000000000000000e+01,6.929232788085937500e+01
6.325000000000000000e+01,6.792387390136718750e+01
6.566666412353515625e+01,6.720236968994140625e+01
6.387500000000000000e+01,6.666695404052734375e+01
6.550000000000000000e+01,6.708612823486328125e+01
6.385714340209960938e+01,6.808875274658203125e+01
6.375000000000000000e+01,6.813877105712890625e+01
6.655555725097656250e+01,6.825115966796875000e+01
6.500000000000000000e+01,6.870053863525390625e+01
6.437500000000000000e+01,6.983567047119140625e+01
6.337500000000000000e+01,7.089939880371093750e+01
6.511111450195312500e+01,7.094178771972656250e+01
6.537500000000000000e+01,7.039049530029296875e+01
6.377777862548828125e+01,7.003344726562500000e+01
6.312500000000000000e+01,6.958750915527343750e+01
6.350000000000000000e+01,6.938843536376953125e+01
6.375000000000000000e+01,6.920587921142578125e+01
6.412500000000000000e+01,6.888742065429687500e+01
6.188888931274414062e+01,6.910477447509765625e+01
6.412500000000000000e+01,7.007817077636718750e+01
6.337500000000000000e+01,7.098802185058593750e+01
6.444444274902343750e+01,7.170207214355468750e+01
6.462500000000000000e+01,7.189798736572265625e+01
6.225000000000000000e+01,7.235356140136718750e+01
6.362500000000000000e+01,7.218512725830078125e+01
6.433333587646484375e+01,7.197099304199218750e+01
6.562500000000000000e+01,7.024581909179687500e+01
6.255555725097656250e+01,6.936513519287109375e+01
6.433333587646484375e+01,6.884745788574218750e+01
6.175000000000000000e+01,6.858363342285156250e+01
6.311111068725585938e+01,6.776808929443359375e+01
6.100000000000000000e+01,6.578498077392578125e+01
6.225000000000000000e+01,6.269418334960937500e+01
6.166666793823242188e+01,5.976514434814453125e+01
4.262500000000000000e+01,5.662588500976562500e+01
4.522222137451171875e+01,5.413607788085937500e+01
5.275000000000000000e+01,5.207510375976562500e+01
6.411111450195312500e+01,4.980520248413085938e+01
6.125000000000000000e+01,4.800275802612304688e+01
6.362500000000000000e+01,4.644633483886718750e+01
6.100000000000000000e+01,4.559874343872070312e+01
4.600000000000000000e+01,4.489019775390625000e+01
2.975000000000000000e+01,4.472823333740234375e+01
3.688888931274414062e+01,4.408776473999023438e+01
4.500000000000000000e+01,4.354859924316406250e+01
6.300000000000000000e+01,4.356531906127929688e+01
6.577777862548828125e+01,4.426898956298828125e+01
6.500000000000000000e+01,4.497031402587890625e+01
6.655555725097656250e+01,4.523316574096679688e+01
6.737500000000000000e+01,4.545041656494140625e+01
6.225000000000000000e+01,4.685482788085937500e+01
6.888889312744140625e+01,4.844557571411132812e+01
6.812500000000000000e+01,5.010015106201171875e+01
6.562500000000000000e+01,5.221931838989257812e+01
6.662500000000000000e+01,5.516871261596679688e+01
6.825000000000000000e+01,5.738301849365234375e+01
6.842857360839843750e+01,5.914103698730468750e+01
6.750000000000000000e+01,6.085925292968750000e+01
6.750000000000000000e+01,6.241282272338867188e+01
6.811111450195312500e+01,6.381047439575195312e+01
6.775000000000000000e+01,6.601768493652343750e+01
6.875000000000000000e+01,6.822644805908203125e+01
6.912500000000000000e+01,7.010910797119140625e+01
6.875000000000000000e+01,7.201983642578125000e+01
6.811111450195312500e+01,7.370004272460937500e+01
6.887500000000000000e+01,7.495797729492187500e+01
6.700000000000000000e+01,7.586656951904296875e+01
6.762500000000000000e+01,7.614987945556640625e+01
6.675000000000000000e+01,7.631226348876953125e+01
6.877777862548828125e+01,7.603791809082031250e+01
6.737500000000000000e+01,7.576418304443359375e+01
6.655555725097656250e+01,7.536661529541015625e+01
6.812500000000000000e+01,7.508383941650390625e+01
6.400000000000000000e+01,7.497988128662109375e+01
6.628571319580078125e+01,7.464157867431640625e+01
6.588888549804687500e+01,7.454262542724609375e+01
6.633333587646484375e+01,7.458327484130859375e+01
6.800000000000000000e+01,7.478738403320312500e+01
6.677777862548828125e+01,7.477108001708984375e+01
6.587500000000000000e+01,7.476058197021484375e+01
6.625000000000000000e+01,7.465045166015625000e+01
6.500000000000000000e+01,7.442069244384765625e+01
6.612500000000000000e+01,7.418529510498046875e+01
6.511111450195312500e+01,7.341270446777343750e+01
6.700000000000000000e+01,7.371908569335937500e+01
6.722222137451171875e+01,7.409222412109375000e+01
6.537500000000000000e+01,7.452959442138671875e+01
6.437500000000000000e+01,7.455768585205078125e+01
6.722222137451171875e+01,7.425182342529296875e+01
6.700000000000000000e+01,7.454199981689453125e+01
6.633333587646484375e+01,7.459474182128906250e+01
6.537500000000000000e+01,7.444843292236328125e+01
6.555555725097656250e+01,7.402017974853515625e+01
6.612500000000000000e+01,7.377600860595703125e+01
6.712500000000000000e+01,7.327705383300781250e+01
6.077777862548828125e+01,7.335458374023437500e+01
6.500000000000000000e+01,7.264033508300781250e+01
6.466666412353515625e+01,7.285630035400390625e+01
6.262500000000000000e+01,7.288381958007812500e+01
6.500000000000000000e+01,7.288092041015625000e+01
6.087500000000000000e+01,7.328216552734375000e+01
6.512500000000000000e+01,7.320949554443359375e+01
6.155555725097656250e+01,7.316069793701171875e+01
6.500000000000000000e+01,7.297430419921875000e+01
6.512500000000000000e+01,7.300299072265625000e+01
6.300000000000000000e+01,7.307191467285156250e+01
6.366666793823242188e+01,7.288397216796875000e+01
6.387500000000000000e+01,7.245846557617187500e+01
6.733333587646484375e+01,7.243304443359375000e+01
6.100000000000000000e+01,7.301546478271484375e+01
6.212500000000000000e+01,7.240644073486328125e+01
6.500000000000000000e+01,7.231002807617187500e+01
6.222222137451171875e+01,6.980966186523437500e+01
6.066666793823242188e+01,6.740412139892578125e+01
6.300000000000000000e+01,6.613076782226562500e+01
5.344444274902343750e+01,6.516527557373046875e+01
6.387500000000000000e+01,6.339342880249023438e+01
6.175000000000000000e+01,6.368788909912109375e+01
6.244444656372070312e+01,6.454045867919921875e+01
6.437500000000000000e+01,6.529688262939453125e+01
5.444444274902343750e+01,6.635890197753906250e+01
5.525000000000000000e+01,6.573727416992187500e+01
6.312500000000000000e+01,6.447525024414062500e+01
6.150000000000000000e+01,6.487751007080078125e+01
6.150000000000000000e+01,6.528718566894531250e+01
6.577777862548828125e+01,6.509572601318359375e+01
6.662500000000000000e+01,6.598069763183593750e+01
6.337500000000000000e+01,6.712376403808593750e+01
6.400000000000000000e+01,6.776025390625000000e+01
6.711111450195312500e+01,6.758890533447265625e+01
6.087500000000000000e+01,6.815803527832031250e+01
5.811111068725585938e+01,6.795288085937500000e+01
6.225000000000000000e+01,6.693844604492187500e+01
4.862500000000000000e+01,6.612349700927734375e+01
6.075000000000000000e+01,6.432530212402343750e+01
6.100000000000000000e+01,6.365771865844726562e+01
5.300000000000000000e+01,6.296956634521484375e+01
6.733333587646484375e+01,6.128721237182617188e+01
6.400000000000000000e+01,6.258760452270507812e+01
6.075000000000000000e+01,6.344568252563476562e+01
6.157143020629882812e+01,6.360101318359375000e+01
5.987500000000000000e+01,6.449384307861328125e+01
6.112500000000000000e+01,6.457809448242187500e+01
5.900000000000000000e+01,6.465790557861328125e+01
5.487500000000000000e+01,6.479074096679687500e+01
6.100000000000000000e+01,6.330437469482421875e+01
6.144444274902343750e+01,6.244364166259765625e+01
5.557143020629882812e+01,6.212125015258789062e+01
6.100000000000000000e+01,6.026470565795898438e+01
5.487500000000000000e+01,5.974880981445312500e+01
5.811111068725585938e+01,5.860258865356445312e+01
5.850000000000000000e+01,5.791739654541015625e+01
5.266666793823242188e+01,5.663169479370117188e+01
6.075000000000000000e+01,5.637519454956054688e+01
5.400000000000000000e+01,5.697542190551757812e+01
5.950000000000000000e+01,5.721748352050781250e+01
6.366666793823242188e+01,5.877256774902343750e+01
5.325000000000000000e+01,6.036407852172851562e+01
6.016666793823242188e+01,5.979975509643554688e+01
5.966666793823242188e+01,5.947182846069335938e+01
6.000000000000000000e+01,5.945306777954101562e+01
6.012500000000000000e+01,5.930797576904296875e+01
6.312500000000000000e+01,5.973556137084960938e+01
6.111111068725585938e+01,6.082641983032226562e+01
5.600000000000000000e+01,6.155065155029296875e+01
6.277777862548828125e+01,6.245094680786132812e+01
6.187500000000000000e+01,6.268842697143554688e+01
6.188888931274414062e+01,6.367618560791015625e+01
6.525000000000000000e+01,6.387292480468750000e+01
5.688888931274414062e+01,6.440316772460937500e+01
6.325000000000000000e+01,6.384668731689453125e+01
5.955555725097656250e+01,6.374862289428710938e+01
5.975000000000000000e+01,6.448279571533203125e+01
6.200000000000000000e+01,6.446824645996093750e+01
6.425000000000000000e+01,6.489389801025390625e+01
6.122222137451171875e+01,6.608912658691406250e+01
6.150000000000000000e+01,6.665425872802734375e+01
6.400000000000000000e+01,6.709207153320312500e+01
6.312500000000000000e+01,6.792718505859375000e+01
6.411111450195312500e+01,6.880297851562500000e+01
6.375000000000000000e+01,6.956777191162109375e+01
6.562500000000000000e+01,6.986446380615234375e+01
6.544444274902343750e+01,7.060372161865234375e+01
6.450000000000000000e+01,7.095795440673828125e+01
6.387500000000000000e+01,7.123812103271484375e+01
6.677777862548828125e+01,7.140539550781250000e+01
6.487500000000000000e+01,7.133370971679687500e+01
6.450000000000000000e+01,7.120038604736328125e+01
6.622222137451171875e+01,7.099506378173828125e+01
6.475000000000000000e+01,7.126766204833984375e+01
6.757142639160156250e+01,7.138018035888671875e+01
6.687500000000000000e+01,7.196625518798828125e+01
6.455555725097656250e+01,7.239537048339843750e+01
6.762500000000000000e+01,7.234092712402343750e+01
6.777777862548828125e+01,7.226216125488281250e+01
6.850000000000000000e+01,7.240626525878906250e+01
6.775000000000000000e+01,7.279123687744140625e+01
6.837500000000000000e+01,7.308300781250000000e+01
6.788888549804687500e+01,7.339307403564453125e+01
6.775000000000000000e+01,7.371527862548828125e+01
6.744444274902343750e+01,7.383642578125000000e+01
6.712500000000000000e+01,7.379224395751953125e+01
6.562500000000000000e+01,7.398805999755859375e+01
6.700000000000000000e+01,7.417124938964843750e+01
6.750000000000000000e+01,7.437491607666015625e+01
6.700000000000000000e+01,7.438793945312500000e+01
6.566666412353515625e+01,7.455532836914062500e+01
6.575000000000000000e+01,7.450743865966796875e+01
6.611111450195312500e+01,7.464623260498046875e+01
6.412500000000000000e+01,7.457640838623046875e+01
6.800000000000000000e+01,7.429528045654296875e+01
6.650000000000000000e+01,7.496891784667968750e+01
6.655555725097656250e+01,7.526640319824218750e+01
6.637500000000000000e+01,7.546551513671875000e+01
6.475000000000000000e+01,7.553278350830078125e+01
6.666666412353515625e+01,7.469155120849609375e+01
6.477777862548828125e+01,7.445501708984375000e+01
6.588888549804687500e+01,7.426145935058593750e+01
6.625000000000000000e+01,7.414661407470703125e+01
6.300000000000000000e+01,7.437081146240234375e+01
6.562500000000000000e+01,7.299117279052734375e+01
6.455555725097656250e+01,7.318578338623046875e+01
6.244444656372070312e+01,7.328730010986328125e+01
6.462500000000000000e+01,7.265015411376953125e+01
6.233333206176757812e+01,7.237237548828125000e+01
6.562500000000000000e+01,7.172298431396484375e+01
6.287500000000000000e+01,7.169008636474609375e+01
6.466666412353515625e+01,7.187952423095703125e+01
9.982553592635667883e-07,7.221110534667968750e+01
9.982553592635667883e-07,5.337178039550781250e+01
9.982553592635667883e-07,4.696601486206054688e+01
9.982553592635667883e-07,4.173447799682617188e+01
9.982553592635667883e-07,3.795115661621093750e+01
9.982553592635667883e-07,3.546891021728515625e+01
9.982553592635667883e-07,3.385385513305664062e+01
9.982553592635667883e-07,3.269781875610351562e+01
9.982553592635667883e-07,3.177581214904785156e+01
9.982553592635667883e-07,3.104237365722656250e+01
6.500000000000000000e+01,3.021362686157226562e+01
6.362500000000000000e+01,3.536214447021484375e+01
6.600000000000000000e+01,4.146823501586914062e+01
6.900000000000000000e+01,4.727834320068359375e+01
6.475000000000000000e+01,5.274257659912109375e+01
6.400000000000000000e+01,5.775462722778320312e+01
6.500000000000000000e+01,6.202541732788085938e+01
6.562500000000000000e+01,6.563278198242187500e+01
6.285714340209960938e+01,6.795102691650390625e+01
6.211111068725585938e+01,6.932348632812500000e+01
6.350000000000000000e+01,7.005104827880859375e+01
6.362500000000000000e+01,7.072218322753906250e+01
6.366666793823242188e+01,7.101790618896484375e+01
6.325000000000000000e+01,7.080218505859375000e+01
6.388888931274414062e+01,7.051493835449218750e+01
6.187500000000000000e+01,7.027929687500000000e+01
6.522222137451171875e+01,7.007815551757812500e+01
6.350000000000000000e+01,7.011095428466796875e+01
6.322222137451171875e+01,7.037664794921875000e+01
6.287500000000000000e+01,7.045830535888671875e+01
6.422222137451171875e+01,7.051043701171875000e+01
6.350000000000000000e+01,7.057987976074218750e+01
6.555555725097656250e+01,7.057544708251953125e+01
6.412500000000000000e+01,7.051526641845703125e+01
6.500000000000000000e+01,7.067572784423828125e+01
6.266666793823242188e+01,7.097427368164062500e+01
6.400000000000000000e+01,7.091990661621093750e+01
6.512500000000000000e+01,7.062934112548828125e+01
6.233333206176757812e+01,7.074655151367187500e+01
6.312500000000000000e+01,7.098211669921875000e+01
6.512500000000000000e+01,7.105332946777343750e+01
6.350000000000000000e+01,7.142922210693359375e+01
6.550000000000000000e+01,7.138613891601562500e+01
6.387500000000000000e+01,7.096505737304687500e+01
6.433333587646484375e+01,7.110432434082031250e+01
6.422222137451171875e+01,7.126486968994140625e+01
6.387500000000000000e+01,7.124850463867187500e+01
6.412500000000000000e+01,7.139783477783203125e+01
6.155555725097656250e+01,7.183866119384765625e+01
6.411111450195312500e+01,7.205726623535156250e+01
6.662500000000000000e+01,6.369713211059570312e+01
6.355555725097656250e+01,6.424256134033203125e+01
6.262500000000000000e+01,6.450891113281250000e+01
6.587500000000000000e+01,6.422927093505859375e+01
6.355555725097656250e+01,6.425832366943359375e+01
6.475000000000000000e+01,6.486952972412109375e+01
6.425000000000000000e+01,6.533509826660156250e+01
6.222222137451171875e+01,6.557031250000000000e+01
6.225000000000000000e+01,6.585395812988281250e+01
6.277777862548828125e+01,6.505780029296875000e+01
6.033333206176757812e+01,6.492687225341796875e+01
6.612500000000000000e+01,6.487306213378906250e+01
6.637500000000000000e+01,6.474852752685546875e+01
6.600000000000000000e+01,6.532041931152343750e+01
6.562500000000000000e+01,6.660224151611328125e+01
6.300000000000000000e+01,6.707240295410156250e+01
6.375000000000000000e+01,6.736069488525390625e+01
6.712500000000000000e+01,6.709065246582031250e+01
6.333333206176757812e+01,6.724491119384765625e+01
6.537500000000000000e+01,6.762876892089843750e+01
6.711111450195312500e+01,6.783018493652343750e+01
6.675000000000000000e+01,6.803122711181640625e+01
6.433333587646484375e+01,6.843295288085937500e+01
6.662500000000000000e+01,6.901396179199218750e+01
6.662500000000000000e+01,6.910394287109375000e+01
6.700000000000000000e+01,6.933370971679687500e+01
6.675000000000000000e+01,6.947557830810546875e+01
6.762500000000000000e+01,6.965470123291015625e+01
6.777777862548828125e+01,6.983654785156250000e+01
6.762500000000000000e+01,7.013919830322265625e+01
6.785713958740234375e+01,7.043227386474609375e+01
6.737500000000000000e+01,7.071682739257812500e+01
6.844444274902343750e+01,7.097064208984375000e+01
6.655555725097656250e+01,7.078857421875000000e+01
6.875000000000000000e+01,7.085296630859375000e+01
6.762500000000000000e+01,7.068214416503906250e+01
6.787500000000000000e+01,7.068765258789062500e+01
6.811111450195312500e+01,7.071893310546875000e+01
6.750000000000000000e+01,7.078817749023437500e+01
6.766666412353515625e+01,7.085343933105468750e+01
6.700000000000000000e+01,7.046409606933593750e+01
6.812500000000000000e+01,7.026350402832031250e+01
6.650000000000000000e+01,7.007892608642578125e+01
6.725000000000000000e+01,6.995969390869140625e+01
6.725000000000000000e+01,6.971632385253906250e+01
6.737500000000000000e+01,6.949308013916015625e+01
6.725000000000000000e+01,6.927126312255859375e+01
6.685713958740234375e+01,6.935662841796875000e+01
6.750000000000000000e+01,6.878064727783203125e+01
6.733333587646484375e+01,6.899390411376953125e+01
6.675000000000000000e+01,6.877770233154296875e+01
6.777777862548828125e+01,6.899276733398437500e+01
6.725000000000000000e+01,6.915836334228515625e+01
6.800000000000000000e+01,6.919851684570312500e+01
6.850000000000000000e+01,6.926290130615234375e+01
6.733333587646484375e+01,6.891701507568359375e+01
6.687500000000000000e+01,6.908904266357421875e+01
6.637500000000000000e+01,6.917923736572265625e+01
6.487500000000000000e+01,6.878652191162109375e+01
6.712500000000000000e+01,6.800393676757812500e+01
6.511111450195312500e+01,6.713186645507812500e+01
6.600000000000000000e+01,6.584438323974609375e+01
6.450000000000000000e+01,6.483941650390625000e+01
6.625000000000000000e+01,6.415966033935546875e+01
6.483333587646484375e+01,6.368481445312500000e+01
6.655555725097656250e+01,6.361135482788085938e+01
6.737500000000000000e+01,6.450347137451171875e+01
6.687500000000000000e+01,6.519608306884765625e+01
6.575000000000000000e+01,6.622036743164062500e+01
6.525000000000000000e+01,6.727589416503906250e+01
6.287500000000000000e+01,6.747865295410156250e+01
6.700000000000000000e+01,6.815833282470703125e+01
6.562500000000000000e+01,6.827617645263671875e+01
6.433333587646484375e+01,6.847038269042968750e+01
6.737500000000000000e+01,6.871105194091796875e+01
6.725000000000000000e+01,6.880442047119140625e+01
6.675000000000000000e+01,6.883409118652343750e+01
6.466666412353515625e+01,6.909736633300781250e+01
6.600000000000000000e+01,6.922380828857421875e+01
6.737500000000000000e+01,6.905096435546875000e+01
6.377777862548828125e+01,6.887483978271484375e+01
6.500000000000000000e+01,6.924630737304687500e+01
6.477777862548828125e+01,6.893512725830078125e+01
6.437500000000000000e+01,6.865159606933593750e+01
6.455555725097656250e+01,6.841149902343750000e+01
6.425000000000000000e+01,6.817531585693359375e+01
6.575000000000000000e+01,6.806414794921875000e+01
6.387500000000000000e+01,6.827269744873046875e+01
6.655555725097656250e+01,6.838610839843750000e+01
6.587500000000000000e+01,6.830376434326171875e+01
6.512500000000000000e+01,6.870661163330078125e+01
6.312500000000000000e+01,6.866001892089843750e+01
6.622222137451171875e+01,6.870960235595703125e+01
6.362500000000000000e+01,6.835379028320312500e+01
6.444444274902343750e+01,6.805394744873046875e+01
6.387500000000000000e+01,6.817844390869140625e+01
6.400000000000000000e+01,6.835118103027343750e+01
6.344444274902343750e+01,6.857295227050781250e+01
6.362500000000000000e+01,6.839968109130859375e+01
6.288888931274414062e+01,6.780729675292968750e+01
6.200000000000000000e+01,6.762615966796875000e+01
9.982553592635667883e-07,6.793515777587890625e+01
9.982553592635667883e-07,6.787919616699218750e+01
9.982553592635667883e-07,5.013677978515625000e+01
9.982553592635667883e-07,4.437127304077148438e+01
9.982553592635667883e-07,4.047282409667968750e+01
9.982553592635667883e-07,3.797813034057617188e+01
9.982553592635667883e-07,3.645706558227539062e+01
9.982553592635667883e-07,3.559019851684570312e+01
9.982553592635667883e-07,3.511065673828125000e+01
6.162500000000000000e+01,3.489249801635742188e+01
6.275000000000000000e+01,3.466470718383789062e+01
6.277777862548828125e+01,4.179575729370117188e+01
6.325000000000000000e+01,4.829904174804687500e+01
6.514286041259765625e+01,5.309373474121093750e+01
6.237500000000000000e+01,5.681648254394531250e+01
6.300000000000000000e+01,6.021265029907226562e+01
6.200000000000000000e+01,6.296722793579101562e+01
6.211111068725585938e+01,6.502724456787109375e+01
6.300000000000000000e+01,6.596086883544921875e+01
6.266666793823242188e+01,6.616249847412109375e+01
6.512500000000000000e+01,6.635798645019531250e+01
6.512500000000000000e+01,6.637309265136718750e+01
6.377777862548828125e+01,6.741832733154296875e+01
6.550000000000000000e+01,6.781563568115234375e+01
6.150000000000000000e+01,6.734603881835937500e+01
6.325000000000000000e+01,6.570506286621093750e+01
6.566666412353515625e+01,6.418889617919921875e+01
6.387500000000000000e+01,6.343204879760742188e+01
6.550000000000000000e+01,6.284873962402343750e+01
6.385714340209960938e+01,6.333095550537109375e+01
6.375000000000000000e+01,6.439423370361328125e+01
6.655555725097656250e+01,6.430445861816406250e+01
6.500000000000000000e+01,6.434514617919921875e+01
6.437500000000000000e+01,6.477841186523437500e+01
6.337500000000000000e+01,6.600343322753906250e+01
6.511111450195312500e+01,6.705879211425781250e+01
6.537500000000000000e+01,6.691530609130859375e+01
6.377777862548828125e+01,6.615843200683593750e+01
6.312500000000000000e+01,6.571192932128906250e+01
6.350000000000000000e+01,6.517536926269531250e+01
6.375000000000000000e+01,6.498121643066406250e+01
6.412500000000000000e+01,6.479435729980468750e+01
6.188888931274414062e+01,6.448618316650390625e+01
6.412500000000000000e+01,6.481263732910156250e+01
6.337500000000000000e+01,6.595764923095703125e+01
6.444444274902343750e+01,6.690443420410156250e+01
6.462500000000000000e+01,6.758202362060546875e+01
6.225000000000000000e+01,6.761729431152343750e+01
6.362500000000000000e+01,6.797505187988281250e+01
6.433333587646484375e+01,6.760755920410156250e+01
6.562500000000000000e+01,6.727883911132812500e+01
6.255555725097656250e+01,6.517966461181640625e+01
6.433333587646484375e+01,6.421240997314453125e+01
6.175000000000000000e+01,6.367227554321289062e+01
6.311111068725585938e+01,6.345737838745117188e+01
6.100000000000000000e+01,6.258761978149414062e+01
6.225000000000000000e+01,6.026055145263671875e+01
6.166666793823242188e+01,5.667411804199218750e+01
4.262500000000000000e+01,5.367857742309570312e+01
4.522222137451171875e+01,5.082314682006835938e+01
5.275000000000000000e+01,4.945923995971679688e+01
6.411111450195312500e+01,4.840781021118164062e+01
6.125000000000000000e+01,4.688738632202148438e+01
6.362500000000000000e+01,4.586444091796875000e+01
6.100000000000000000e+01,4.502759170532226562e+01
4.600000000000000000e+01,4.498619461059570312e+01
2.975000000000000000e+01,4.486779403686523438e+01
3.688888931274414062e+01,4.539965438842773438e+01
4.500000000000000000e+01,4.550864791870117188e+01
6.300000000000000000e+01,4.536118316650390625e+01
6.577777862548828125e+01,4.556112670898437500e+01
6.500000000000000000e+01,4.624194717407226562e+01
6.655555725097656250e+01,4.675754547119140625e+01
6.737500000000000000e+01,4.679671096801757812e+01
6.225000000000000000e+01,4.666355133056640625e+01
6.888889312744140625e+01,4.786186599731445312e+01
6.812500000000000000e+01,4.924570846557617188e+01
6.562500000000000000e+01,5.049064254760742188e+01
6.662500000000000000e+01,5.214785766601562500e+01
6.825000000000000000e+01,5.479428100585937500e+01
6.842857360839843750e+01,5.644419479370117188e+01
6.750000000000000000e+01,5.758379745483398438e+01
6.750000000000000000e+01,5.881300354003906250e+01
6.811111450195312500e+01,5.991934967041015625e+01
6.775000000000000000e+01,6.088412475585937500e+01
6.875000000000000000e+01,6.299243545532226562e+01
6.912500000000000000e+01,6.513542175292968750e+01
6.875000000000000000e+01,6.690959167480468750e+01
6.811111450195312500e+01,6.868872833251953125e+01
6.887500000000000000e+01,7.025894165039062500e+01
6.700000000000000000e+01,7.146092224121093750e+01
6.762500000000000000e+01,7.235058593750000000e+01
6.675000000000000000e+01,7.259520721435546875e+01
6.877777862548828125e+01,7.281153869628906250e+01
6.737500000000000000e+01,7.259808349609375000e+01
6.655555725097656250e+01,7.241323852539062500e+01
6.812500000000000000e+01,7.207495117187500000e+01
6.400000000000000000e+01,7.185857391357421875e+01
6.628571319580078125e+01,7.181507873535156250e+01
6.588888549804687500e+01,7.150145721435546875e+01
6.633333587646484375e+01,7.142511749267578125e+01
6.800000000000000000e+01,7.148639678955078125e+01
6.677777862548828125e+01,7.170855712890625000e+01
6.587500000000000000e+01,7.167123413085937500e+01
6.625000000000000000e+01,7.166281127929687500e+01
6.500000000000000000e+01,7.154843902587890625e+01
6.612500000000000000e+01,7.133840942382812500e+01
6.511111450195312500e+01,7.110763549804687500e+01
6.700000000000000000e+01,7.028638458251953125e+01
6.722222137451171875e+01,7.065383148193359375e+01
6.537500000000000000e+01,7.103636932373046875e+01
6.437500000000000000e+01,7.145446014404296875e+01
6.722222137451171875e+01,7.144174957275390625e+01
6.700000000000000000e+01,7.110611724853515625e+01
6.633333587646484375e+01,7.144003295898437500e+01
6.537500000000000000e+01,7.147007751464843750e+01
6.555555725097656250e+01,7.131771087646484375e+01
6.612500000000000000e+01,7.088910675048828125e+01
6.712500000000000000e+01,7.069625091552734375e+01
6.077777862548828125e+01,7.015426635742187500e+01
6.500000000000000000e+01,7.027339172363281250e+01
6.466666412353515625e+01,6.948979187011718750e+01
6.262500000000000000e+01,6.976533508300781250e+01
6.500000000000000000e+01,6.978629302978515625e+01
6.087500000000000000e+01,6.976776123046875000e+01
6.512500000000000000e+01,7.018272399902343750e+01
6.155555725097656250e+01,7.008432006835937500e+01
6.500000000000000000e+01,7.002804565429687500e+01
6.512500000000000000e+01,6.983528900146484375e+01
6.300000000000000000e+01,6.987727355957031250e+01
6.366666793823242188e+01,6.994859313964843750e+01
6.387500000000000000e+01,6.975750732421875000e+01
6.733333587646484375e+01,6.933089447021484375e+01
6.100000000000000000e+01,6.930946350097656250e+01
6.212500000000000000e+01,6.992864227294921875e+01
6.500000000000000000e+01,6.918662261962890625e+01
6.222222137451171875e+01,6.911699676513671875e+01
6.066666793823242188e+01,6.658092498779296875e+01
6.300000000000000000e+01,6.430615997314453125e+01
5.344444274902343750e+01,6.332734680175781250e+01
6.387500000000000000e+01,6.263316345214843750e+01
6.175000000000000000e+01,6.104617691040039062e+01
6.244444656372070312e+01,6.172238922119140625e+01
6.437500000000000000e+01,6.273537445068359375e+01
5.444444274902343750e+01,6.358499526977539062e+01
5.525000000000000000e+01,6.464442443847656250e+01
6.312500000000000000e+01,6.397591400146484375e+01
6.150000000000000000e+01,6.276331710815429688e+01
6.150000000000000000e+01,6.331891632080078125e+01
6.577777862548828125e+01,6.381541442871093750e+01
6.662500000000000000e+01,6.352714157104492188e+01
6.337500000000000000e+01,6.437276458740234375e+01
6.400000000000000000e+01,6.542743682861328125e+01
6.711111450195312500e+01,6.588562774658203125e+01
6.087500000000000000e+01,6.556810760498046875e+01
5.811111068725585938e+01,6.613489532470703125e+01
6.225000000000000000e+01,6.582398223876953125e+01
4.862500000000000000e+01,6.491581726074218750e+01
6.075000000000000000e+01,6.413617706298828125e+01
6.100000000000000000e+01,6.237714385986328125e+01
5.300000000000000000e+01,6.201208496093750000e+01
6.733333587646484375e+01,6.144242858886718750e+01
6.400000000000000000e+01,5.987619018554687500e+01
6.075000000000000000e+01,6.137341308593750000e+01
6.157143020629882812e+01,6.219097137451171875e+01
5.987500000000000000e+01,6.225891113281250000e+01
6.112500000000000000e+01,6.308245468139648438e+01
5.900000000000000000e+01,6.304815292358398438e+01
5.487500000000000000e+01,6.302109146118164062e+01
6.100000000000000000e+01,6.312497711181640625e+01
6.144444274902343750e+01,6.169804000854492188e+01
5.557143020629882812e+01,6.088601303100585938e+01
6.100000000000000000e+01,6.072198867797851562e+01
5.487500000000000000e+01,5.886221694946289062e+01
5.811111068725585938e+01,5.859922027587890625e+01
5.850000000000000000e+01,5.774924468994140625e+01
5.266666793823242188e+01,5.729034423828125000e+01
6.075000000000000000e+01,5.602641296386718750e+01
5.400000000000000000e+01,5.605691528320312500e+01
5.950000000000000000e+01,5.678838348388671875e+01
6.366666793823242188e+01,5.696350097656250000e+01
5.325000000000000000e+01,5.851649475097656250e+01
6.016666793823242188e+01,5.985070419311523438e+01
5.966666793823242188e+01,5.912368011474609375e+01
6.000000000000000000e+01,5.873717880249023438e+01
6.012500000000000000e+01,5.866387939453125000e+01
6.312500000000000000e+01,5.839764404296875000e+01
6.111111068725585938e+01,5.871860504150390625e+01
5.600000000000000000e+01,5.972851181030273438e+01
6.277777862548828125e+01,6.035422897338867188e+01
6.187500000000000000e+01,6.113922882080078125e+01
6.188888931274414062e+01,6.125687789916992188e+01
6.525000000000000000e+01,6.223165893554687500e+01
5.688888931274414062e+01,6.229610824584960938e+01
6.325000000000000000e+01,6.283730316162109375e+01
5.955555725097656250e+01,6.218136978149414062e+01
5.975000000000000000e+01,6.213362884521484375e+01
6.200000000000000000e+01,6.294842147827148438e+01
6.425000000000000000e+01,6.290509033203125000e+01
6.122222137451171875e+01,6.330904006958007812e+01
6.150000000000000000e+01,6.448910522460937500e+01
6.400000000000000000e+01,6.494201660156250000e+01
6.312500000000000000e+01,6.525793457031250000e+01
6.411111450195312500e+01,6.606354522705078125e+01
6.375000000000000000e+01,6.684392547607421875e+01
6.562500000000000000e+01,6.754163360595703125e+01
6.544444274902343750e+01,6.773301696777343750e+01
6.450000000000000000e+01,6.842304992675781250e+01
6.387500000000000000e+01,6.872720336914062500e+01
6.677777862548828125e+01,6.896369171142578125e+01
6.487500000000000000e+01,6.910597229003906250e+01
6.450000000000000000e+01,6.902868652343750000e+01
6.622222137451171875e+01,6.887100219726562500e+01
6.475000000000000000e+01,6.865084838867187500e+01
6.757142639160156250e+01,6.893760681152343750e+01
6.687500000000000000e+01,6.901877593994140625e+01
6.455555725097656250e+01,6.957575225830078125e+01
6.762500000000000000e+01,6.994358062744140625e+01
6.777777862548828125e+01,6.980146789550781250e+01
6.850000000000000000e+01,6.964844512939453125e+01
6.775000000000000000e+01,6.973283386230468750e+01
6.837500000000000000e+01,7.003856658935546875e+01
6.788888549804687500e+01,7.019367218017578125e+01
6.775000000000000000e+01,7.037009429931640625e+01
6.744444274902343750e+01,7.054746246337890625e+01
6.712500000000000000e+01,7.047961425781250000e+01
6.562500000000000000e+01,7.015834045410156250e+01
6.700000000000000000e+01,7.008205413818359375e+01
6.750000000000000000e+01,6.997797393798828125e+01
6.700000000000000000e+01,6.989474487304687500e+01
6.566666412353515625e+01,6.962183380126953125e+01
6.575000000000000000e+01,6.955381774902343750e+01
6.611111450195312500e+01,6.925830078125000000e+01
6.412500000000000000e+01,6.924414062500000000e+01
6.800000000000000000e+01,6.910375213623046875e+01
6.650000000000000000e+01,6.865205383300781250e+01
6.655555725097656250e+01,6.941054534912109375e+01
6.637500000000000000e+01,6.957551574707031250e+01
6.475000000000000000e+01,6.964640045166015625e+01
6.666666412353515625e+01,6.960053253173828125e+01
6.477777862548828125e+01,6.850296783447265625e+01
6.588888549804687500e+01,6.829161834716796875e+01
6.625000000000000000e+01,6.813304901123046875e+01
6.300000000000000000e+01,6.806333923339843750e+01
6.562500000000000000e+01,6.835686492919921875e+01
6.455555725097656250e+01,6.662728881835937500e+01
6.244444656372070312e+01,6.706813049316406250e+01
6.462500000000000000e+01,6.731384277343750000e+01
6.233333206176757812e+01,6.661462402343750000e+01
6.562500000000000000e+01,6.643506622314453125e+01
6.287500000000000000e+01,6.581729125976562500e+01
6.466666412353515625e+01,6.587712860107421875e+01
9.982553592635667883e-07,6.622019195556640625e+01
9.982553592635667883e-07,6.664086914062500000e+01
9.982553592635667883e-07,4.700414657592773438e+01
9.982553592635667883e-07,4.356003189086914062e+01
9.982553592635667883e-07,4.054239273071289062e+01
9.982553592635667883e-07,3.838476181030273438e+01
9.982553592635667883e-07,3.701457595825195312e+01
9.982553592635667883e-07,3.615394210815429688e+01
9.982553592635667883e-07,3.553014373779296875e+01
9.982553592635667883e-07,3.501960372924804688e+01
6.500000000000000000e+01,3.456300354003906250e+01
6.362500000000000000e+01,3.399292373657226562e+01
6.600000000000000000e+01,4.090051269531250000e+01
6.900000000000000000e+01,4.705155181884765625e+01
6.475000000000000000e+01,5.165333557128906250e+01
6.400000000000000000e+01,5.562543106079101562e+01
6.500000000000000000e+01,5.899961090087890625e+01
6.562500000000000000e+01,6.168250274658203125e+01
6.285714340209960938e+01,6.401654052734375000e+01
6.211111068725585938e+01,6.537881469726562500e+01
6.350000000000000000e+01,6.618215942382812500e+01
6.362500000000000000e+01,6.663864898681640625e+01
6.366666793823242188e+01,6.720634460449218750e+01
6.325000000000000000e+01,6.745847320556640625e+01
6.388888931274414062e+01,6.730115509033203125e+01
6.187500000000000000e+01,6.705187988281250000e+01
6.522222137451171875e+01,6.683544158935546875e+01
6.350000000000000000e+01,6.664421844482421875e+01
6.322222137451171875e+01,6.671615600585937500e+01
6.287500000000000000e+01,6.705482482910156250e+01
6.422222137451171875e+01,6.717132568359375000e+01
6.350000000000000000e+01,6.724201202392578125e+01
6.555555725097656250e+01,6.731889343261718750e+01
6.412500000000000000e+01,6.734233093261718750e+01
6.500000000000000000e+01,6.728083801269531250e+01
6.266666793823242188e+01,6.751142883300781250e+01
6.400000000000000000e+01,6.788710021972656250e+01
6.512500000000000000e+01,6.783403015136718750e+01
6.233333206176757812e+01,6.756058502197265625e+01
6.312500000000000000e+01,6.770522308349609375e+01
6.512500000000000000e+01,6.793980407714843750e+01
6.350000000000000000e+01,6.798263549804687500e+01
6.550000000000000000e+01,6.837850189208984375e+01
6.387500000000000000e+01,6.827812957763671875e+01
6.433333587646484375e+01,6.778938293457031250e+01
6.422222137451171875e+01,6.792884063720703125e+01
6.387500000000000000e+01,6.811188507080078125e+01
6.412500000000000000e+01,6.806787109375000000e+01
6.155555725097656250e+01,6.820391082763671875e+01
6.411111450195312500e+01,6.863484191894531250e+01
6.240000152587890625e+01,6.881393432617187500e+01
6.355555725097656250e+01,6.284817504882812500e+01
6.262500000000000000e+01,6.341600799560546875e+01
6.587500000000000000e+01,6.369442367553710938e+01
6.355555725097656250e+01,6.340341567993164062e+01
6.475000000000000000e+01,6.348198318481445312e+01
6.425000000000000000e+01,6.411088562011718750e+01
6.222222137451171875e+01,6.459186553955078125e+01
6.225000000000000000e+01,6.484246063232421875e+01
6.277777862548828125e+01,6.513052368164062500e+01
6.033333206176757812e+01,6.433310699462890625e+01
6.612500000000000000e+01,6.422581481933593750e+01
6.637500000000000000e+01,6.422020721435546875e+01
6.600000000000000000e+01,6.410894775390625000e+01
6.562500000000000000e+01,6.473083496093750000e+01
6.300000000000000000e+01,6.599211883544921875e+01
6.375000000000000000e+01,6.638173675537109375e+01
6.712500000000000000e+01,6.662842559814453125e+01
6.333333206176757812e+01,6.635301971435546875e+01
6.537500000000000000e+01,6.650784301757812500e+01
6.711111450195312500e+01,6.691929626464843750e+01
6.675000000000000000e+01,6.709191131591796875e+01
6.433333587646484375e+01,6.726767730712890625e+01
6.662500000000000000e+01,6.764694976806640625e+01
6.662500000000000000e+01,6.819644165039062500e+01
6.700000000000000000e+01,6.824044036865234375e+01
6.675000000000000000e+01,6.845253753662109375e+01
6.762500000000000000e+01,6.858413696289062500e+01
6.777777862548828125e+01,6.871783447265625000e+01
6.762500000000000000e+01,6.886950683593750000e+01
6.785713958740234375e+01,6.912683868408203125e+01
6.737500000000000000e+01,6.937169647216796875e+01
6.844444274902343750e+01,6.958815002441406250e+01
6.655555725097656250e+01,6.978517150878906250e+01
6.875000000000000000e+01,6.954638671875000000e+01
6.762500000000000000e+01,6.955725097656250000e+01
6.787500000000000000e+01,6.932270050048828125e+01
6.811111450195312500e+01,6.923767852783203125e+01
6.750000000000000000e+01,6.913668823242187500e+01
6.766666412353515625e+01,6.901858520507812500e+01
6.700000000000000000e+01,6.885144805908203125e+01
6.812500000000000000e+01,6.817438507080078125e+01
6.650000000000000000e+01,6.770606231689453125e+01
6.725000000000000000e+01,6.730361938476562500e+01
6.725000000000000000e+01,6.700230407714843750e+01
6.737500000000000000e+01,6.659009552001953125e+01
6.725000000000000000e+01,6.622022247314453125e+01
6.685713958740234375e+01,6.584103393554687500e+01
6.750000000000000000e+01,6.583952331542968750e+01
6.733333587646484375e+01,6.514236450195312500e+01
6.675000000000000000e+01,6.533140563964843750e+01
6.777777862548828125e+01,6.507821655273437500e+01
6.725000000000000000e+01,6.532408905029296875e+01
6.800000000000000000e+01,6.550469970703125000e+01
6.850000000000000000e+01,6.557073974609375000e+01
6.733333587646484375e+01,6.565332794189453125e+01
6.687500000000000000e+01,6.531866455078125000e+01
6.637500000000000000e+01,6.556056976318359375e+01
6.487500000000000000e+01,6.573159790039062500e+01
6.712500000000000000e+01,6.543381500244140625e+01
6.511111450195312500e+01,6.477264404296875000e+01
6.600000000000000000e+01,6.405666351318359375e+01
6.450000000000000000e+01,6.295601654052734375e+01
6.625000000000000000e+01,6.217528915405273438e+01
6.483333587646484375e+01,6.175171661376953125e+01
6.655555725097656250e+01,6.151739501953125000e+01
6.737500000000000000e+01,6.164654159545898438e+01
6.687500000000000000e+01,6.267643356323242188e+01
6.575000000000000000e+01,6.339973068237304688e+01
6.525000000000000000e+01,6.443733978271484375e+01
6.287500000000000000e+01,6.545783233642578125e+01
6.700000000000000000e+01,6.562336730957031250e+01
6.562500000000000000e+01,6.632915496826171875e+01
6.433333587646484375e+01,6.645317077636718750e+01
6.737500000000000000e+01,6.670133209228515625e+01
6.725000000000000000e+01,6.699238586425781250e+01
6.675000000000000000e+01,6.713082885742187500e+01
6.466666412353515625e+01,6.721723175048828125e+01
6.600000000000000000e+01,6.754093170166015625e+01
6.737500000000000000e+01,6.770638275146484375e+01
6.377777862548828125e+01,6.758744812011718750e+01
6.500000000000000000e+01,6.748832702636718750e+01
6.477777862548828125e+01,6.793170166015625000e+01
6.437500000000000000e+01,6.763608551025390625e+01
6.455555725097656250e+01,6.739678192138671875e+01
6.425000000000000000e+01,6.721600341796875000e+01
6.575000000000000000e+01,6.700758361816406250e+01
6.387500000000000000e+01,6.692707824707031250e+01
6.655555725097656250e+01,6.715753173828125000e+01
6.587500000000000000e+01,6.727639770507812500e+01
6.512500000000000000e+01,6.717073059082031250e+01
6.312500000000000000e+01,6.757853698730468750e+01
6.622222137451171875e+01,6.750698089599609375e+01
6.362500000000000000e+01,6.753754425048828125e+01
6.444444274902343750e+01,6.716108703613281250e+01
6.387500000000000000e+01,6.686087036132812500e+01
6.400000000000000000e+01,6.700688171386718750e+01
6.344444274902343750e+01,6.718398284912109375e+01
6.362500000000000000e+01,6.739517974853515625e+01
6.288888931274414062e+01,6.719638061523437500e+01
6.200000000000000000e+01,6.665934753417968750e+01
9.982553592635667883e-07,6.650831604003906250e+01
9.982553592635667883e-07,6.682075500488281250e+01
9.982553592635667883e-07,6.675540161132812500e+01
9.982553592635667883e-07,4.769316101074218750e+01
9.982553592635667883e-07,4.261895370483398438e+01
9.982553592635667883e-07,3.969331741333007812e+01
9.982553592635667883e-07,3.802905654907226562e+01
9.982553592635667883e-07,3.703374862670898438e+01
9.982553592635667883e-07,3.641289520263671875e+01
6.162500000000000000e+01,3.595730209350585938e+01
6.275000000000000000e+01,3.561534118652343750e+01
6.277777862548828125e+01,3.515320968627929688e+01
6.325000000000000000e+01,4.316706085205078125e+01
6.514286041259765625e+01,4.981111526489257812e+01
6.237500000000000000e+01,5.436518096923828125e+01
6.300000000000000000e+01,5.773992156982421875e+01
6.200000000000000000e+01,6.067993545532226562e+01
6.211111068725585938e+01,6.290058135986328125e+01
6.300000000000000000e+01,6.446166992187500000e+01
6.266666793823242188e+01,6.503176879882812500e+01
6.512500000000000000e+01,6.501222991943359375e+01
6.512500000000000000e+01,6.511300659179687500e+01
6.377777862548828125e+01,6.501044464111328125e+01
6.550000000000000000e+01,6.603404998779296875e+01
6.150000000000000000e+01,6.637652587890625000e+01
6.325000000000000000e+01,6.586622619628906250e+01
6.566666412353515625e+01,6.422322845458984375e+01
6.387500000000000000e+01,6.268724822998046875e+01
6.550000000000000000e+01,6.192416381835937500e+01
6.385714340209960938e+01,6.135653686523437500e+01
6.375000000000000000e+01,6.183739852905273438e+01
6.655555725097656250e+01,6.288632202148437500e+01
6.500000000000000000e+01,6.272138214111328125e+01
6.437500000000000000e+01,6.271792984008789062e+01
6.337500000000000000e+01,6.311000061035156250e+01
6.511111450195312500e+01,6.428957366943359375e+01
6.537500000000000000e+01,6.525508880615234375e+01
6.377777862548828125e+01,6.501870727539062500e+01
6.312500000000000000e+01,6.420858764648437500e+01
6.350000000000000000e+01,6.374303817749023438e+01
6.375000000000000000e+01,6.314838409423828125e+01
6.412500000000000000e+01,6.295069503784179688e+01
6.188888931274414062e+01,6.276745986938476562e+01
6.412500000000000000e+01,6.248913574218750000e+01
6.337500000000000000e+01,6.286156082153320312e+01
6.444444274902343750e+01,6.402832794189453125e+01
6.462500000000000000e+01,6.493820953369140625e+01
6.225000000000000000e+01,6.554180145263671875e+01
6.362500000000000000e+01,6.549168395996093750e+01
6.433333587646484375e+01,6.577732849121093750e+01
6.562500000000000000e+01,6.530764007568359375e+01
6.255555725097656250e+01,6.492137145996093750e+01
6.433333587646484375e+01,6.269802474975585938e+01
6.175000000000000000e+01,6.173914718627929688e+01
6.311111068725585938e+01,6.120339584350585938e+01
6.100000000000000000e+01,6.099456787109375000e+01
6.225000000000000000e+01,6.004190826416015625e+01
6.166666793823242188e+01,5.751595687866210938e+01
4.262500000000000000e+01,5.362521362304687500e+01
4.522222137451171875e+01,5.052957916259765625e+01
5.275000000000000000e+01,4.783171081542968750e+01
6.411111450195312500e+01,4.705080795288085938e+01
6.125000000000000000e+01,4.654055786132812500e+01
6.362500000000000000e+01,4.547084426879882812e+01
6.100000000000000000e+01,4.486662292480468750e+01
4.600000000000000000e+01,4.442239379882812500e+01
2.975000000000000000e+01,4.474260330200195312e+01
3.688888931274414062e+01,4.488143157958984375e+01
4.500000000000000000e+01,4.565612411499023438e+01
6.300000000000000000e+01,4.609279251098632812e+01
6.577777862548828125e+01,4.610017013549804688e+01
6.500000000000000000e+01,4.634670257568359375e+01
6.655555725097656250e+01,4.697668457031250000e+01
6.737500000000000000e+01,4.741813278198242188e+01
6.225000000000000000e+01,4.736830520629882812e+01
6.888889312744140625e+01,4.712741851806640625e+01
6.812500000000000000e+01,4.825199127197265625e+01
6.562500000000000000e+01,4.961109161376953125e+01
6.662500000000000000e+01,5.078528976440429688e+01
6.825000000000000000e+01,5.231535720825195312e+01
6.842857360839843750e+01,5.468504714965820312e+01
6.750000000000000000e+01,5.604543685913085938e+01
6.750000000000000000e+01,5.697740554809570312e+01
6.811111450195312500e+01,5.803231811523437500e+01
6.775000000000000000e+01,5.906391143798828125e+01
6.875000000000000000e+01,5.989941406250000000e+01
6.912500000000000000e+01,6.195769119262695312e+01
6.875000000000000000e+01,6.403407287597656250e+01
6.811111450195312500e+01,6.571099853515625000e+01
6.887500000000000000e+01,6.735238647460937500e+01
6.700000000000000000e+01,6.882176971435546875e+01
6.762500000000000000e+01,6.997467041015625000e+01
6.675000000000000000e+01,7.083242797851562500e+01
6.877777862548828125e+01,7.104419708251953125e+01
6.737500000000000000e+01,7.127028656005859375e+01
6.655555725097656250e+01,7.108716583251953125e+01
6.812500000000000000e+01,7.094520568847656250e+01
6.400000000000000000e+01,7.062933349609375000e+01
6.628571319580078125e+01,7.045321655273437500e+01
6.588888549804687500e+01,7.045156097412109375e+01
6.633333587646484375e+01,7.015774536132812500e+01
6.800000000000000000e+01,7.009731292724609375e+01
6.677777862548828125e+01,7.017862701416015625e+01
6.587500000000000000e+01,7.040401458740234375e+01
6.625000000000000000e+01,7.036496734619140625e+01
6.500000000000000000e+01,7.035453796386718750e+01
6.612500000000000000e+01,7.024375152587890625e+01
6.511111450195312500e+01,7.004238891601562500e+01
6.700000000000000000e+01,6.981763458251953125e+01
6.722222137451171875e+01,6.898854827880859375e+01
6.537500000000000000e+01,6.938001251220703125e+01
6.437500000000000000e+01,6.976804351806640625e+01
6.722222137451171875e+01,7.017401885986328125e+01
6.700000000000000000e+01,7.011632537841796875e+01
6.633333587646484375e+01,6.976762390136718750e+01
6.537500000000000000e+01,7.012669372558593750e+01
6.555555725097656250e+01,7.015937042236328125e+01
6.612500000000000000e+01,7.000498199462890625e+01
6.712500000000000000e+01,6.958564758300781250e+01
6.077777862548828125e+01,6.943394470214843750e+01
6.500000000000000000e+01,6.888022613525390625e+01
6.466666412353515625e+01,6.899385833740234375e+01
6.262500000000000000e+01,6.819985961914062500e+01
6.500000000000000000e+01,6.852915191650390625e+01
6.087500000000000000e+01,6.856019592285156250e+01
6.512500000000000000e+01,6.851438903808593750e+01
6.155555725097656250e+01,6.891526031494140625e+01
6.500000000000000000e+01,6.878390502929687500e+01
6.512500000000000000e+01,6.872399139404296875e+01
6.300000000000000000e+01,6.853203582763671875e+01
6.366666793823242188e+01,6.857978820800781250e+01
6.387500000000000000e+01,6.866134643554687500e+01
6.733333587646484375e+01,6.844369506835937500e+01
6.100000000000000000e+01,6.802967834472656250e+01
6.212500000000000000e+01,6.801921081542968750e+01
6.500000000000000000e+01,6.864090728759765625e+01
6.222222137451171875e+01,6.784172821044921875e+01
6.066666793823242188e+01,6.779429626464843750e+01
6.300000000000000000e+01,6.527822875976562500e+01
5.344444274902343750e+01,6.306757354736328125e+01
6.387500000000000000e+01,6.223170852661132812e+01
6.175000000000000000e+01,6.164138793945312500e+01
6.244444656372070312e+01,6.015140151977539062e+01
6.437500000000000000e+01,6.104497528076171875e+01
5.444444274902343750e+01,6.214269638061523438e+01
5.525000000000000000e+01,6.304496002197265625e+01
6.312500000000000000e+01,6.409625244140625000e+01
6.150000000000000000e+01,6.336392211914062500e+01
6.150000000000000000e+01,6.216712951660156250e+01
6.577777862548828125e+01,6.279438781738281250e+01
6.662500000000000000e+01,6.331238174438476562e+01
6.337500000000000000e+01,6.296320724487304688e+01
6.400000000000000000e+01,6.377737045288085938e+01
6.711111450195312500e+01,6.472682189941406250e+01
6.087500000000000000e+01,6.506690979003906250e+01
5.811111068725585938e+01,6.465409088134765625e+01
6.225000000000000000e+01,6.520731353759765625e+01
4.862500000000000000e+01,6.481557464599609375e+01
6.075000000000000000e+01,6.395308303833007812e+01
6.100000000000000000e+01,6.322712326049804688e+01
5.300000000000000000e+01,6.149951171875000000e+01
6.733333587646484375e+01,6.132429504394531250e+01
6.400000000000000000e+01,6.082073974609375000e+01
6.075000000000000000e+01,5.932311248779296875e+01
6.157143020629882812e+01,6.099925613403320312e+01
5.987500000000000000e+01,6.177315521240234375e+01
6.112500000000000000e+01,6.175774765014648438e+01
5.900000000000000000e+01,6.257184982299804688e+01
5.487500000000000000e+01,6.247591018676757812e+01
6.100000000000000000e+01,6.238911437988281250e+01
6.144444274902343750e+01,6.246590805053710938e+01
5.557143020629882812e+01,6.101393508911132812e+01
6.100000000000000000e+01,6.019627761840820312e+01
5.487500000000000000e+01,6.005017471313476562e+01
5.811111068725585938e+01,5.816338348388671875e+01
5.850000000000000000e+01,5.802534103393554688e+01
5.266666793823242188e+01,5.733819580078125000e+01
6.075000000000000000e+01,5.697635650634765625e+01
5.400000000000000000e+01,5.578849029541015625e+01
5.950000000000000000e+01,5.600199890136718750e+01
6.366666793823242188e+01,5.684009552001953125e+01
5.325000000000000000e+01,5.708455276489257812e+01
6.016666793823242188e+01,5.871675491333007812e+01
5.966666793823242188e+01,5.990899276733398438e+01
6.000000000000000000e+01,5.907783126831054688e+01
6.012500000000000000e+01,5.864825439453125000e+01
6.312500000000000000e+01,5.853195953369140625e+01
6.111111068725585938e+01,5.817536544799804688e+01
5.600000000000000000e+01,5.844130706787109375e+01
6.277777862548828125e+01,5.943355178833007812e+01
6.187500000000000000e+01,5.999427413940429688e+01
6.188888931274414062e+01,6.070524597167968750e+01
6.525000000000000000e+01,6.079873657226562500e+01
5.688888931274414062e+01,6.178743362426757812e+01
6.325000000000000000e+01,6.176554107666015625e+01
5.955555725097656250e+01,6.231583786010742188e+01
5.975000000000000000e+01,6.160040664672851562e+01
6.200000000000000000e+01,6.158259963989257812e+01
6.425000000000000000e+01,6.243937301635742188e+01
6.122222137451171875e+01,6.238101577758789062e+01
6.150000000000000000e+01,6.281638336181640625e+01
6.400000000000000000e+01,6.397606277465820312e+01
6.312500000000000000e+01,6.439069366455078125e+01
6.411111450195312500e+01,6.465868377685546875e+01
6.375000000000000000e+01,6.547821807861328125e+01
6.562500000000000000e+01,6.621096038818359375e+01
6.544444274902343750e+01,6.687067413330078125e+01
6.450000000000000000e+01,6.699977111816406250e+01
6.387500000000000000e+01,6.765168762207031250e+01
6.677777862548828125e+01,6.790694427490234375e+01
6.487500000000000000e+01,6.812760925292968750e+01
6.450000000000000000e+01,6.825133514404296875e+01
6.622222137451171875e+01,6.816664123535156250e+01
6.475000000000000000e+01,6.798778533935546875e+01
6.757142639160156250e+01,6.776570129394531250e+01
6.687500000000000000e+01,6.803703308105468750e+01
6.455555725097656250e+01,6.809690093994140625e+01
6.762500000000000000e+01,6.861106872558593750e+01
6.777777862548828125e+01,6.893742370605468750e+01
6.850000000000000000e+01,6.872238922119140625e+01
6.775000000000000000e+01,6.851815032958984375e+01
6.837500000000000000e+01,6.854886627197265625e+01
6.788888549804687500e+01,6.878556823730468750e+01
6.775000000000000000e+01,6.883901977539062500e+01
6.744444274902343750e+01,6.891071319580078125e+01
6.712500000000000000e+01,6.894832611083984375e+01
6.562500000000000000e+01,6.869600677490234375e+01
6.700000000000000000e+01,6.814535522460937500e+01
6.750000000000000000e+01,6.781501770019531250e+01
6.700000000000000000e+01,6.744083404541015625e+01
6.566666412353515625e+01,6.710958099365234375e+01
6.575000000000000000e+01,6.663445281982421875e+01
6.611111450195312500e+01,6.637168884277343750e+01
6.412500000000000000e+01,6.590869903564453125e+01
6.800000000000000000e+01,6.580918121337890625e+01
6.650000000000000000e+01,6.561168670654296875e+01
6.655555725097656250e+01,6.500286865234375000e+01
6.637500000000000000e+01,6.572386169433593750e+01
6.475000000000000000e+01,6.574781799316406250e+01
6.666666412353515625e+01,6.568835449218750000e+01
6.477777862548828125e+01,6.553733062744140625e+01
6.588888549804687500e+01,6.428103637695312500e+01
6.625000000000000000e+01,6.407829284667968750e+01
6.300000000000000000e+01,6.390986633300781250e+01
6.562500000000000000e+01,6.385181427001953125e+01
6.455555725097656250e+01,6.416694641113281250e+01
6.244444656372070312e+01,6.225235366821289062e+01
6.462500000000000000e+01,6.283299636840820312e+01
6.233333206176757812e+01,6.315811157226562500e+01
6.562500000000000000e+01,6.244754028320312500e+01
6.287500000000000000e+01,6.234572219848632812e+01
6.466666412353515625e+01,6.181813812255859375e+01
9.982553592635667883e-07,6.199963760375976562e+01
9.982553592635667883e-07,6.250743865966796875e+01
9.982553592635667883e-07,6.306243133544921875e+01
9.982553592635667883e-07,4.314353561401367188e+01
9.982553592635667883e-07,4.130986404418945312e+01
9.982553592635667883e-07,3.941724777221679688e+01
9.982553592635667883e-07,3.799114990234375000e+01
9.982553592635667883e-07,3.700498199462890625e+01
9.982553592635667883e-07,3.629696273803710938e+01
9.982553592635667883e-07,3.569431686401367188e+01
6.500000000000000000e+01,3.513785171508789062e+01
6.362500000000000000e+01,3.455524063110351562e+01
6.600000000000000000e+01,3.385146713256835938e+01
6.900000000000000000e+01,4.197381591796875000e+01
6.475000000000000000e+01,4.834909439086914062e+01
6.400000000000000000e+01,5.279422760009765625e+01
6.500000000000000000e+01,5.652477264404296875e+01
6.562500000000000000e+01,5.948567962646484375e+01
6.285714340209960938e+01,6.163988113403320312e+01
6.211111068725585938e+01,6.345514297485351562e+01
6.350000000000000000e+01,6.438806152343750000e+01
6.362500000000000000e+01,6.492281341552734375e+01
6.366666793823242188e+01,6.520064544677734375e+01
6.325000000000000000e+01,6.565756225585937500e+01
6.388888931274414062e+01,6.575710296630859375e+01
6.187500000000000000e+01,6.563188934326171875e+01
6.522222137451171875e+01,6.542643737792968750e+01
6.350000000000000000e+01,6.524106597900390625e+01
6.322222137451171875e+01,6.507887268066406250e+01
6.287500000000000000e+01,6.519631195068359375e+01
6.422222137451171875e+01,6.558648681640625000e+01
6.350000000000000000e+01,6.574433898925781250e+01
6.555555725097656250e+01,6.584208679199218750e+01
6.412500000000000000e+01,6.593618011474609375e+01
6.500000000000000000e+01,6.598088073730468750e+01
6.266666793823242188e+01,6.591761779785156250e+01
6.400000000000000000e+01,6.617003631591796875e+01
6.512500000000000000e+01,6.658013916015625000e+01
6.233333206176757812e+01,6.650823974609375000e+01
6.312500000000000000e+01,6.623367309570312500e+01
6.512500000000000000e+01,6.638064575195312500e+01
6.350000000000000000e+01,6.660959625244140625e+01
6.550000000000000000e+01,6.664186096191406250e+01
6.387500000000000000e+01,6.705889892578125000e+01
6.433333587646484375e+01,6.692198181152343750e+01
6.422222137451171875e+01,6.642230987548828125e+01
6.387500000000000000e+01,6.654064178466796875e+01
6.412500000000000000e+01,6.672682189941406250e+01
6.155555725097656250e+01,6.666083526611328125e+01
6.411111450195312500e+01,6.678532409667968750e+01
6.240000152587890625e+01,6.720139312744140625e+01
6.200000000000000000e+01,6.734838104248046875e+01
6.262500000000000000e+01,6.276641845703125000e+01
6.587500000000000000e+01,6.335960006713867188e+01
6.355555725097656250e+01,6.364748001098632812e+01
6.475000000000000000e+01,6.335441970825195312e+01
6.425000000000000000e+01,6.347781753540039062e+01
6.222222137451171875e+01,6.414039611816406250e+01
6.225000000000000000e+01,6.464840698242187500e+01
6.277777862548828125e+01,6.493953704833984375e+01
6.033333206176757812e+01,6.523429107666015625e+01
6.612500000000000000e+01,6.446178436279296875e+01
6.637500000000000000e+01,6.435620880126953125e+01
6.600000000000000000e+01,6.437370300292968750e+01
6.562500000000000000e+01,6.428070831298828125e+01
6.300000000000000000e+01,6.495574951171875000e+01
6.375000000000000000e+01,6.620025634765625000e+01
6.712500000000000000e+01,6.652861022949218750e+01
6.333333206176757812e+01,6.674320220947265625e+01
6.537500000000000000e+01,6.648622894287109375e+01
6.711111450195312500e+01,6.664858245849609375e+01
6.675000000000000000e+01,6.709210205078125000e+01
6.433333587646484375e+01,6.725276947021484375e+01
6.662500000000000000e+01,6.741255950927734375e+01
6.662500000000000000e+01,6.777498626708984375e+01
6.700000000000000000e+01,6.830551910400390625e+01
6.675000000000000000e+01,6.832178497314453125e+01
6.762500000000000000e+01,6.853340911865234375e+01
6.777777862548828125e+01,6.867394256591796875e+01
6.762500000000000000e+01,6.875880432128906250e+01
6.785713958740234375e+01,6.888696289062500000e+01
6.737500000000000000e+01,6.910544586181640625e+01
6.844444274902343750e+01,6.930796051025390625e+01
6.655555725097656250e+01,6.946250915527343750e+01
6.875000000000000000e+01,6.960929107666015625e+01
6.762500000000000000e+01,6.933193206787109375e+01
6.787500000000000000e+01,6.929971313476562500e+01
6.811111450195312500e+01,6.901486968994140625e+01
6.750000000000000000e+01,6.885302734375000000e+01
6.766666412353515625e+01,6.864103698730468750e+01
6.700000000000000000e+01,6.837041473388671875e+01
6.812500000000000000e+01,6.801123046875000000e+01
6.650000000000000000e+01,6.710009765625000000e+01
6.725000000000000000e+01,6.641240692138671875e+01
6.725000000000000000e+01,6.583444213867187500e+01
6.737500000000000000e+01,6.539774322509765625e+01
6.725000000000000000e+01,6.486205291748046875e+01
6.685713958740234375e+01,6.439289855957031250e+01
6.750000000000000000e+01,6.390216827392578125e+01
6.733333587646484375e+01,6.383068084716796875e+01
6.675000000000000000e+01,6.305681228637695312e+01
6.777777862548828125e+01,6.321590805053710938e+01
6.725000000000000000e+01,6.293920135498046875e+01
6.800000000000000000e+01,6.321906280517578125e+01
6.850000000000000000e+01,6.341482162475585938e+01
6.733333587646484375e+01,6.352968215942382812e+01
6.687500000000000000e+01,6.362163162231445312e+01
6.637500000000000000e+01,6.331325149536132812e+01
6.487500000000000000e+01,6.358163070678710938e+01
6.712500000000000000e+01,6.375590515136718750e+01
6.511111450195312500e+01,6.347447967529296875e+01
6.600000000000000000e+01,6.287557983398437500e+01
6.450000000000000000e+01,6.225722503662109375e+01
6.625000000000000000e+01,6.130696868896484375e+01
6.483333587646484375e+01,6.069435501098632812e+01
6.655555725097656250e+01,6.044440078735351562e+01
6.737500000000000000e+01,6.041370010375976562e+01
6.687500000000000000e+01,6.075822830200195312e+01
6.575000000000000000e+01,6.192647933959960938e+01
6.525000000000000000e+01,6.272305679321289062e+01
6.287500000000000000e+01,6.382504272460937500e+01
6.700000000000000000e+01,6.483361053466796875e+01
6.562500000000000000e+01,6.501613616943359375e+01
6.433333587646484375e+01,6.576271057128906250e+01
6.737500000000000000e+01,6.591154479980468750e+01
6.725000000000000000e+01,6.621645355224609375e+01
6.675000000000000000e+01,6.654660797119140625e+01
6.466666412353515625e+01,6.672884368896484375e+01
6.600000000000000000e+01,6.686317443847656250e+01
6.737500000000000000e+01,6.723559570312500000e+01
6.377777862548828125e+01,6.743400573730468750e+01
6.500000000000000000e+01,6.736894989013671875e+01
6.477777862548828125e+01,6.733489227294921875e+01
6.437500000000000000e+01,6.781169891357421875e+01
6.455555725097656250e+01,6.752848815917968750e+01
6.425000000000000000e+01,6.732802581787109375e+01
6.575000000000000000e+01,6.719903564453125000e+01
6.387500000000000000e+01,6.700003051757812500e+01
6.655555725097656250e+01,6.693932342529296875e+01
6.587500000000000000e+01,6.717372894287109375e+01
6.512500000000000000e+01,6.730456542968750000e+01
6.312500000000000000e+01,6.717227172851562500e+01
6.622222137451171875e+01,6.758214569091796875e+01
6.362500000000000000e+01,6.749668121337890625e+01
6.444444274902343750e+01,6.750359344482421875e+01
6.387500000000000000e+01,6.712349700927734375e+01
6.400000000000000000e+01,6.682711029052734375e+01
6.344444274902343750e+01,6.699081420898437500e+01
6.362500000000000000e+01,6.716767883300781250e+01
6.288888931274414062e+01,6.736951446533203125e+01
6.200000000000000000e+01,6.711810302734375000e+01
9.982553592635667883e-07,6.666050720214843750e+01
9.982553592635667883e-07,6.654177093505859375e+01
9.982553592635667883e-07,6.684171295166015625e+01
9.982553592635667883e-07,6.677617645263671875e+01
9.982553592635667883e-07,4.621607971191406250e+01
9.982553592635667883e-07,4.135948181152343750e+01
9.982553592635667883e-07,3.881227874755859375e+01
9.982553592635667883e-07,3.741957473754882812e+01
9.982553592635667883e-07,3.649946975708007812e+01
6.162500000000000000e+01,3.578675460815429688e+01
6.275000000000000000e+01,3.511621856689453125e+01
6.277777862548828125e+01,3.449274063110351562e+01
6.325000000000000000e+01,3.369662857055664062e+01
6.514286041259765625e+01,4.208222961425781250e+01
6.237500000000000000e+01,4.913496017456054688e+01
6.300000000000000000e+01,5.407968521118164062e+01
6.200000000000000000e+01,5.790586853027343750e+01
6.211111068725585938e+01,6.104420471191406250e+01
6.300000000000000000e+01,6.325931930541992188e+01
6.266666793823242188e+01,6.472115325927734375e+01
6.512500000000000000e+01,6.520299530029296875e+01
6.512500000000000000e+01,6.511651611328125000e+01
6.377777862548828125e+01,6.517755889892578125e+01
6.550000000000000000e+01,6.497163391113281250e+01
6.150000000000000000e+01,6.589513397216796875e+01
6.325000000000000000e+01,6.619678497314453125e+01
6.566666412353515625e+01,6.569075012207031250e+01
6.387500000000000000e+01,6.413588714599609375e+01
6.550000000000000000e+01,6.264415740966796875e+01
6.385714340209960938e+01,6.188784408569335938e+01
6.375000000000000000e+01,6.136591339111328125e+01
6.655555725097656250e+01,6.181852722167968750e+01
6.500000000000000000e+01,6.282519531250000000e+01
6.437500000000000000e+01,6.262205886840820312e+01
6.337500000000000000e+01,6.259344100952148438e+01
6.511111450195312500e+01,6.293328475952148438e+01
6.537500000000000000e+01,6.401000976562500000e+01
6.377777862548828125e+01,6.486100769042968750e+01
6.312500000000000000e+01,6.458982849121093750e+01
6.350000000000000000e+01,6.380575942993164062e+01
6.375000000000000000e+01,6.335926437377929688e+01
6.412500000000000000e+01,6.272664642333984375e+01
6.188888931274414062e+01,6.252192306518554688e+01
6.412500000000000000e+01,6.234346389770507812e+01
6.337500000000000000e+01,6.209175491333007812e+01
6.444444274902343750e+01,6.246971130371093750e+01
6.462500000000000000e+01,6.358402633666992188e+01
6.225000000000000000e+01,6.443154144287109375e+01
6.362500000000000000e+01,6.495761871337890625e+01
6.433333587646484375e+01,6.488166046142578125e+01
6.562500000000000000e+01,6.513024902343750000e+01
6.255555725097656250e+01,6.462709045410156250e+01
6.433333587646484375e+01,6.421704864501953125e+01
6.175000000000000000e+01,6.198909378051757812e+01
6.311111068725585938e+01,6.109199523925781250e+01
6.100000000000000000e+01,6.058116149902343750e+01
6.225000000000000000e+01,6.034230422973632812e+01
6.166666793823242188e+01,5.928321838378906250e+01
4.262500000000000000e+01,5.663487243652343750e+01
4.522222137451171875e+01,5.251938629150390625e+01
5.275000000000000000e+01,4.925145721435546875e+01
6.411111450195312500e+01,4.655695724487304688e+01
6.125000000000000000e+01,4.594948959350585938e+01
6.362500000000000000e+01,4.563576889038085938e+01
6.100000000000000000e+01,4.477872085571289062e+01
4.600000000000000000e+01,4.433144760131835938e+01
2.975000000000000000e+01,4.406140518188476562e+01
3.688888931274414062e+01,4.447494888305664062e+01
4.500000000000000000e+01,4.467446517944335938e+01
6.300000000000000000e+01,4.546524047851562500e+01
6.577777862548828125e+01,4.597973632812500000e+01
6.500000000000000000e+01,4.601434326171875000e+01
6.655555725097656250e+01,4.625147628784179688e+01
6.737500000000000000e+01,4.686977767944335938e+01
6.225000000000000000e+01,4.734262847900390625e+01
6.888889312744140625e+01,4.728929138183593750e+01
6.812500000000000000e+01,4.707735443115234375e+01
6.562500000000000000e+01,4.822483825683593750e+01
6.662500000000000000e+01,4.969960021972656250e+01
6.825000000000000000e+01,5.101314163208007812e+01
6.842857360839843750e+01,5.261989212036132812e+01
6.750000000000000000e+01,5.478037643432617188e+01
6.750000000000000000e+01,5.603404998779296875e+01
6.811111450195312500e+01,5.700868225097656250e+01
6.775000000000000000e+01,5.808609771728515625e+01
6.875000000000000000e+01,5.926846313476562500e+01
6.912500000000000000e+01,6.016886138916015625e+01
6.875000000000000000e+01,6.222935104370117188e+01
6.811111450195312500e+01,6.426982116699218750e+01
6.887500000000000000e+01,6.588249206542968750e+01
6.700000000000000000e+01,6.741054534912109375e+01
6.762500000000000000e+01,6.880340576171875000e+01
6.675000000000000000e+01,6.991477966308593750e+01
6.877777862548828125e+01,7.073620605468750000e+01
6.737500000000000000e+01,7.091938018798828125e+01
6.655555725097656250e+01,7.112914276123046875e+01
6.812500000000000000e+01,7.095713806152343750e+01
6.400000000000000000e+01,7.082342529296875000e+01
6.628571319580078125e+01,7.050081634521484375e+01
6.588888549804687500e+01,7.035094451904296875e+01
6.633333587646484375e+01,7.037459564208984375e+01
6.800000000000000000e+01,7.009664154052734375e+01
6.677777862548828125e+01,7.005151367187500000e+01
6.587500000000000000e+01,7.015222930908203125e+01
6.625000000000000000e+01,7.037387847900390625e+01
6.500000000000000000e+01,7.034173583984375000e+01
6.612500000000000000e+01,7.032611083984375000e+01
6.511111450195312500e+01,7.022388458251953125e+01
6.700000000000000000e+01,7.001689147949218750e+01
6.722222137451171875e+01,6.979996490478515625e+01
6.537500000000000000e+01,6.897419738769531250e+01
6.437500000000000000e+01,6.937509155273437500e+01
6.722222137451171875e+01,6.977061462402343750e+01
6.700000000000000000e+01,7.017296600341796875e+01
6.633333587646484375e+01,7.007068634033203125e+01
6.537500000000000000e+01,6.971772003173828125e+01
6.555555725097656250e+01,7.009272766113281250e+01
6.612500000000000000e+01,7.014302062988281250e+01
6.712500000000000000e+01,6.998423767089843750e+01
6.077777862548828125e+01,6.957162475585937500e+01
6.500000000000000000e+01,6.945189666748046875e+01
6.466666412353515625e+01,6.889847564697265625e+01
6.262500000000000000e+01,6.897914886474609375e+01
6.500000000000000000e+01,6.821222686767578125e+01
6.087500000000000000e+01,6.859561920166015625e+01
6.512500000000000000e+01,6.864359283447265625e+01
6.155555725097656250e+01,6.857646179199218750e+01
6.500000000000000000e+01,6.895370483398437500e+01
6.512500000000000000e+01,6.878569030761718750e+01
6.300000000000000000e+01,6.872450256347656250e+01
6.366666793823242188e+01,6.854014587402343750e+01
6.387500000000000000e+01,6.859098815917968750e+01
6.733333587646484375e+01,6.868240356445312500e+01
6.100000000000000000e+01,6.842626190185546875e+01
6.212500000000000000e+01,6.801969146728515625e+01
6.500000000000000000e+01,6.802861022949218750e+01
6.222222137451171875e+01,6.863779449462890625e+01
6.066666793823242188e+01,6.782381439208984375e+01
6.300000000000000000e+01,6.779230499267578125e+01
5.344444274902343750e+01,6.527861785888671875e+01
6.387500000000000000e+01,6.305984878540039062e+01
6.175000000000000000e+01,6.225556564331054688e+01
6.244444656372070312e+01,6.165031814575195312e+01
6.437500000000000000e+01,6.019637298583984375e+01
5.444444274902343750e+01,6.120132064819335938e+01
5.525000000000000000e+01,6.234006881713867188e+01
6.312500000000000000e+01,6.327040100097656250e+01
6.150000000000000000e+01,6.431154632568359375e+01
6.150000000000000000e+01,6.350958633422851562e+01
6.577777862548828125e+01,6.230528640747070312e+01
6.662500000000000000e+01,6.294809341430664062e+01
6.337500000000000000e+01,6.344780731201171875e+01
6.400000000000000000e+01,6.306095504760742188e+01
6.711111450195312500e+01,6.385118103027343750e+01
6.087500000000000000e+01,6.469049835205078125e+01
5.811111068725585938e+01,6.495687866210937500e+01
6.225000000000000000e+01,6.448043823242187500e+01
4.862500000000000000e+01,6.501636505126953125e+01
6.075000000000000000e+01,6.456462097167968750e+01
6.100000000000000000e+01,6.370965957641601562e+01
5.300000000000000000e+01,6.304504013061523438e+01
6.733333587646484375e+01,6.135086059570312500e+01
6.400000000000000000e+01,6.128220748901367188e+01
6.075000000000000000e+01,6.080737304687500000e+01
6.157143020629882812e+01,5.934662628173828125e+01
5.987500000000000000e+01,6.118497848510742188e+01
6.112500000000000000e+01,6.191945266723632812e+01
5.900000000000000000e+01,6.182825851440429688e+01
5.487500000000000000e+01,6.267366027832031250e+01
6.100000000000000000e+01,6.255262756347656250e+01
6.144444274902343750e+01,6.243582153320312500e+01
5.557143020629882812e+01,6.248767089843750000e+01
6.100000000000000000e+01,6.095774459838867188e+01
5.487500000000000000e+01,6.009667587280273438e+01
5.811111068725585938e+01,5.988251495361328125e+01
5.850000000000000000e+01,5.794697570800781250e+01
5.266666793823242188e+01,5.784662628173828125e+01
6.075000000000000000e+01,5.723172760009765625e+01
5.400000000000000000e+01,5.688724136352539062e+01
5.950000000000000000e+01,5.579793548583984375e+01
6.366666793823242188e+01,5.612828063964843750e+01
5.325000000000000000e+01,5.705633926391601562e+01
6.016666793823242188e+01,5.745501327514648438e+01
5.966666793823242188e+01,5.921223068237304688e+01
6.000000000000000000e+01,6.033919525146484375e+01
6.012500000000000000e+01,5.944175338745117188e+01
6.312500000000000000e+01,5.897548675537109375e+01
6.111111068725585938e+01,5.882718658447265625e+01
5.600000000000000000e+01,5.840198135375976562e+01
6.277777862548828125e+01,5.864722061157226562e+01
6.187500000000000000e+01,5.966574478149414062e+01
6.188888931274414062e+01,6.018976593017578125e+01
6.525000000000000000e+01,6.086124038696289062e+01
5.688888931274414062e+01,6.098440551757812500e+01
6.325000000000000000e+01,6.200806045532226562e+01
5.955555725097656250e+01,6.192736816406250000e+01
5.975000000000000000e+01,6.248372650146484375e+01
6.200000000000000000e+01,6.173474121093750000e+01
6.425000000000000000e+01,6.173243331909179688e+01
6.122222137451171875e+01,6.261168289184570312e+01
6.150000000000000000e+01,6.254784393310546875e+01
6.400000000000000000e+01,6.304409408569335938e+01
6.312500000000000000e+01,6.418602752685546875e+01
6.411111450195312500e+01,6.461169433593750000e+01
6.375000000000000000e+01,6.488005065917968750e+01
6.562500000000000000e+01,6.574067687988281250e+01
6.544444274902343750e+01,6.646103668212890625e+01
6.450000000000000000e+01,6.710639190673828125e+01
6.387500000000000000e+01,6.720356750488281250e+01
6.677777862548828125e+01,6.782807159423828125e+01
6.487500000000000000e+01,6.803903961181640625e+01
6.450000000000000000e+01,6.826030731201171875e+01
6.622222137451171875e+01,6.836858367919921875e+01
6.475000000000000000e+01,6.827108764648437500e+01
6.757142639160156250e+01,6.807287597656250000e+01
6.687500000000000000e+01,6.785443115234375000e+01
6.455555725097656250e+01,6.809555816650390625e+01
6.762500000000000000e+01,6.814038848876953125e+01
6.777777862548828125e+01,6.860671997070312500e+01
6.850000000000000000e+01,6.890569305419921875e+01
6.775000000000000000e+01,6.863175201416015625e+01
6.837500000000000000e+01,6.839198303222656250e+01
6.788888549804687500e+01,6.837713623046875000e+01
6.775000000000000000e+01,6.855889892578125000e+01
6.744444274902343750e+01,6.853952026367187500e+01
6.712500000000000000e+01,6.853063201904296875e+01
6.562500000000000000e+01,6.844124603271484375e+01
6.700000000000000000e+01,6.801882934570312500e+01
6.750000000000000000e+01,6.729206085205078125e+01
6.700000000000000000e+01,6.675242614746093750e+01
6.566666412353515625e+01,6.615364074707031250e+01
6.575000000000000000e+01,6.562640380859375000e+01
6.611111450195312500e+01,6.502046203613281250e+01
6.412500000000000000e+01,6.461021423339843750e+01
6.800000000000000000e+01,6.404005432128906250e+01
6.650000000000000000e+01,6.390622711181640625e+01
6.655555725097656250e+01,6.368169021606445312e+01
6.637500000000000000e+01,6.296347427368164062e+01
6.475000000000000000e+01,6.360076141357421875e+01
6.666666412353515625e+01,6.351166534423828125e+01
6.477777862548828125e+01,6.334838104248046875e+01
6.588888549804687500e+01,6.311488723754882812e+01
6.625000000000000000e+01,6.176129913330078125e+01
6.300000000000000000e+01,6.155867767333984375e+01
6.562500000000000000e+01,6.135929870605468750e+01
6.455555725097656250e+01,6.130010986328125000e+01
6.244444656372070312e+01,6.161920547485351562e+01
6.462500000000000000e+01,5.960732650756835938e+01
6.233333206176757812e+01,6.026515960693359375e+01
6.562500000000000000e+01,6.062208938598632812e+01
6.287500000000000000e+01,5.991556930541992188e+01
6.466666412353515625e+01,5.987277984619140625e+01
9.982553592635667883e-07,5.945086288452148438e+01
9.982553592635667883e-07,5.975986480712890625e+01
9.982553592635667883e-07,6.041051483154296875e+01
9.982553592635667883e-07,6.111024093627929688e+01
9.982553592635667883e-07,4.074466323852539062e+01
9.982553592635667883e-07,3.947762680053710938e+01
9.982553592635667883e-07,3.793701553344726562e+01
9.982553592635667883e-07,3.667345046997070312e+01
9.982553592635667883e-07,3.567536926269531250e+01
9.982553592635667883e-07,3.485284423828125000e+01
6.500000000000000000e+01,3.409334564208984375e+01
6.362500000000000000e+01,3.336859893798828125e+01
6.600000000000000000e+01,3.259462738037109375e+01
6.900000000000000000e+01,3.172235679626464844e+01
6.475000000000000000e+01,4.033993911743164062e+01
6.400000000000000000e+01,4.717773056030273438e+01
6.500000000000000000e+01,5.223097229003906250e+01
6.562500000000000000e+01,5.649343109130859375e+01
6.285714340209960938e+01,5.971631240844726562e+01
6.211111068725585938e+01,6.192890930175781250e+01
6.350000000000000000e+01,6.364842987060546875e+01
6.362500000000000000e+01,6.444856262207031250e+01
6.366666793823242188e+01,6.490166473388671875e+01
6.325000000000000000e+01,6.506917572021484375e+01
6.388888931274414062e+01,6.543168640136718750e+01
6.187500000000000000e+01,6.534534454345703125e+01
6.522222137451171875e+01,6.523782348632812500e+01
6.350000000000000000e+01,6.507645416259765625e+01
6.322222137451171875e+01,6.492658233642578125e+01
6.287500000000000000e+01,6.480680084228515625e+01
6.422222137451171875e+01,6.496709442138671875e+01
6.350000000000000000e+01,6.539163208007812500e+01
6.555555725097656250e+01,6.559107971191406250e+01
6.412500000000000000e+01,6.572074890136718750e+01
6.500000000000000000e+01,6.583649444580078125e+01
6.266666793823242188e+01,6.589610290527343750e+01
6.400000000000000000e+01,6.583388519287109375e+01
6.512500000000000000e+01,6.608145904541015625e+01
6.233333206176757812e+01,6.650300598144531250e+01
6.312500000000000000e+01,6.640650939941406250e+01
6.512500000000000000e+01,6.611526489257812500e+01
6.350000000000000000e+01,6.625275421142578125e+01
6.550000000000000000e+01,6.647810363769531250e+01
6.387500000000000000e+01,6.650556182861328125e+01
6.433333587646484375e+01,6.694163513183593750e+01
6.422222137451171875e+01,6.677915954589843750e+01
6.387500000000000000e+01,6.629498291015625000e+01
6.412500000000000000e+01,6.638589477539062500e+01
6.155555725097656250e+01,6.656713104248046875e+01
6.411111450195312500e+01,6.648461151123046875e+01
6.240000152587890625e+01,6.660078430175781250e+01
6.200000000000000000e+01,6.700380706787109375e+01
9.982553592635667883e-07,6.712886810302734375e+01
6.587500000000000000e+01,6.313290405273437500e+01
6.355555725097656250e+01,6.374877548217773438e+01
6.475000000000000000e+01,6.404235839843750000e+01
6.425000000000000000e+01,6.375241851806640625e+01
6.222222137451171875e+01,6.391361618041992188e+01
6.225000000000000000e+01,6.461589050292968750e+01
6.277777862548828125e+01,6.515237426757812500e+01
6.033333206176757812e+01,6.549347686767578125e+01
6.612500000000000000e+01,6.579365539550781250e+01
6.637500000000000000e+01,6.506277465820312500e+01
6.600000000000000000e+01,6.494728088378906250e+01
6.562500000000000000e+01,6.496908569335937500e+01
6.300000000000000000e+01,6.489788055419921875e+01
6.375000000000000000e+01,6.561997985839843750e+01
6.712500000000000000e+01,6.684664916992187500e+01
6.333333206176757812e+01,6.712699127197265625e+01
6.537500000000000000e+01,6.731743621826171875e+01
6.711111450195312500e+01,6.709326934814453125e+01
6.675000000000000000e+01,6.726781463623046875e+01
6.433333587646484375e+01,6.774037170410156250e+01
6.662500000000000000e+01,6.790039825439453125e+01
6.662500000000000000e+01,6.804990386962890625e+01
6.700000000000000000e+01,6.839866638183593750e+01
6.675000000000000000e+01,6.891777038574218750e+01
6.762500000000000000e+01,6.892085266113281250e+01
6.777777862548828125e+01,6.914274597167968750e+01
6.762500000000000000e+01,6.930267333984375000e+01
6.785713958740234375e+01,6.933982849121093750e+01
6.737500000000000000e+01,6.945026397705078125e+01
6.844444274902343750e+01,6.963584136962890625e+01
6.655555725097656250e+01,6.980050659179687500e+01
6.875000000000000000e+01,6.990120697021484375e+01
6.762500000000000000e+01,7.000541687011718750e+01
6.787500000000000000e+01,6.970495605468750000e+01
6.811111450195312500e+01,6.964060211181640625e+01
6.750000000000000000e+01,6.931948852539062500e+01
6.766666412353515625e+01,6.909694671630859375e+01
6.700000000000000000e+01,6.879946136474609375e+01
6.812500000000000000e+01,6.841699218750000000e+01
6.650000000000000000e+01,6.791519927978515625e+01
6.725000000000000000e+01,6.683278656005859375e+01
6.725000000000000000e+01,6.598204803466796875e+01
6.737500000000000000e+01,6.527423095703125000e+01
6.725000000000000000e+01,6.474662780761718750e+01
6.685713958740234375e+01,6.412789154052734375e+01
6.750000000000000000e+01,6.360034561157226562e+01
6.733333587646484375e+01,6.303738403320312500e+01
6.675000000000000000e+01,6.291266250610351562e+01
6.777777862548828125e+01,6.209447860717773438e+01
6.725000000000000000e+01,6.222546386718750000e+01
6.800000000000000000e+01,6.193528747558593750e+01
6.850000000000000000e+01,6.225072479248046875e+01
6.733333587646484375e+01,6.245964050292968750e+01
6.687500000000000000e+01,6.263057327270507812e+01
6.637500000000000000e+01,6.272033309936523438e+01
6.487500000000000000e+01,6.243942642211914062e+01
6.712500000000000000e+01,6.269923019409179688e+01
6.511111450195312500e+01,6.281995010375976562e+01
6.600000000000000000e+01,6.249496841430664062e+01
6.450000000000000000e+01,6.190956115722656250e+01
6.625000000000000000e+01,6.134658050537109375e+01
6.483333587646484375e+01,6.051191711425781250e+01
6.655555725097656250e+01,6.002244949340820312e+01
6.737500000000000000e+01,5.988501739501953125e+01
6.687500000000000000e+01,6.002507019042968750e+01
6.575000000000000000e+01,6.058005142211914062e+01
6.525000000000000000e+01,6.187751388549804688e+01
6.287500000000000000e+01,6.276463699340820312e+01
6.700000000000000000e+01,6.395124435424804688e+01
6.562500000000000000e+01,6.495758056640625000e+01
6.433333587646484375e+01,6.518205261230468750e+01
6.737500000000000000e+01,6.597018432617187500e+01
6.725000000000000000e+01,6.615169525146484375e+01
6.675000000000000000e+01,6.650726318359375000e+01
6.466666412353515625e+01,6.686518096923828125e+01
6.600000000000000000e+01,6.708869934082031250e+01
6.737500000000000000e+01,6.725997924804687500e+01
6.377777862548828125e+01,6.767027282714843750e+01
6.500000000000000000e+01,6.789415740966796875e+01
6.477777862548828125e+01,6.787849426269531250e+01
6.437500000000000000e+01,6.789505004882812500e+01
6.455555725097656250e+01,6.837628173828125000e+01
6.425000000000000000e+01,6.810523223876953125e+01
6.575000000000000000e+01,6.793671417236328125e+01
6.387500000000000000e+01,6.785120391845703125e+01
6.655555725097656250e+01,6.764900207519531250e+01
6.587500000000000000e+01,6.760046386718750000e+01
6.512500000000000000e+01,6.782813262939453125e+01
6.312500000000000000e+01,6.797218322753906250e+01
6.622222137451171875e+01,6.781349945068359375e+01
6.362500000000000000e+01,6.822116851806640625e+01
6.444444274902343750e+01,6.812913513183593750e+01
6.387500000000000000e+01,6.811188507080078125e+01
6.400000000000000000e+01,6.773987579345703125e+01
6.344444274902343750e+01,6.744764709472656250e+01
6.362500000000000000e+01,6.762436676025390625e+01
6.288888931274414062e+01,6.779725646972656250e+01
6.200000000000000000e+01,6.799215698242187500e+01
9.982553592635667883e-07,6.767690277099609375e+01
9.982553592635667883e-07,6.730759429931640625e+01
9.982553592635667883e-07,6.722040557861328125e+01
9.982553592635667883e-07,6.750045013427734375e+01
9.982553592635667883e-07,6.743929290771484375e+01
9.982553592635667883e-07,4.534279632568359375e+01
9.982553592635667883e-07,4.042831039428710938e+01
9.982553592635667883e-07,3.788086700439453125e+01
9.982553592635667883e-07,3.643134689331054688e+01
6.162500000000000000e+01,3.536143112182617188e+01
6.275000000000000000e+01,3.443070602416992188e+01
6.277777862548828125e+01,3.350141906738281250e+01
6.325000000000000000e+01,3.261317825317382812e+01
6.514286041259765625e+01,3.154896354675292969e+01
6.237500000000000000e+01,3.998452377319335938e+01
6.300000000000000000e+01,4.767686462402343750e+01
6.200000000000000000e+01,5.340746688842773438e+01
6.211111068725585938e+01,5.797624588012695312e+01
6.300000000000000000e+01,6.151218414306640625e+01
6.266666793823242188e+01,6.390212631225585938e+01
6.512500000000000000e+01,6.543051910400390625e+01
6.512500000000000000e+01,6.596127319335937500e+01
6.377777862548828125e+01,6.590128326416015625e+01
6.550000000000000000e+01,6.596495819091796875e+01
6.150000000000000000e+01,6.568527984619140625e+01
6.325000000000000000e+01,6.648332214355468750e+01
6.566666412353515625e+01,6.675376129150390625e+01
6.387500000000000000e+01,6.627524566650390625e+01
6.550000000000000000e+01,6.484613800048828125e+01
6.385714340209960938e+01,6.342971801757812500e+01
6.375000000000000000e+01,6.268417358398437500e+01
6.655555725097656250e+01,6.221576690673828125e+01
6.500000000000000000e+01,6.262489318847656250e+01
6.437500000000000000e+01,6.357663726806640625e+01
6.337500000000000000e+01,6.335665893554687500e+01
6.511111450195312500e+01,6.331547164916992188e+01
6.537500000000000000e+01,6.360009384155273438e+01
6.377777862548828125e+01,6.455402374267578125e+01
6.312500000000000000e+01,6.529030609130859375e+01
6.350000000000000000e+01,6.502098083496093750e+01
6.375000000000000000e+01,6.430486297607421875e+01
6.412500000000000000e+01,6.389748764038085938e+01
6.188888931274414062e+01,6.324175643920898438e+01
6.412500000000000000e+01,6.302888870239257812e+01
6.337500000000000000e+01,6.285295486450195312e+01
6.444444274902343750e+01,6.261739730834960938e+01
6.462500000000000000e+01,6.297603225708007812e+01
6.225000000000000000e+01,6.400478363037109375e+01
6.362500000000000000e+01,6.478524780273437500e+01
6.433333587646484375e+01,6.524205780029296875e+01
6.562500000000000000e+01,6.518231201171875000e+01
6.255555725097656250e+01,6.542180633544921875e+01
6.433333587646484375e+01,6.493376159667968750e+01
6.175000000000000000e+01,6.452376556396484375e+01
6.311111068725585938e+01,6.235566329956054688e+01
6.100000000000000000e+01,6.154293823242187500e+01
6.225000000000000000e+01,6.106491851806640625e+01
6.166666793823242188e+01,6.076997756958007812e+01
4.262500000000000000e+01,5.959682464599609375e+01
4.522222137451171875e+01,5.687370300292968750e+01
5.275000000000000000e+01,5.257001495361328125e+01
6.411111450195312500e+01,4.906290817260742188e+01
6.125000000000000000e+01,4.624238586425781250e+01
6.362500000000000000e+01,4.553367614746093750e+01
6.100000000000000000e+01,4.518965530395507812e+01
4.600000000000000000e+01,4.438787078857421875e+01
2.975000000000000000e+01,4.394129562377929688e+01
3.688888931274414062e+01,4.372506332397460938e+01
4.500000000000000000e+01,4.410457992553710938e+01
6.300000000000000000e+01,4.427083587646484375e+01
6.577777862548828125e+01,4.499737548828125000e+01
6.500000000000000000e+01,4.547017288208007812e+01
6.655555725097656250e+01,4.547524261474609375e+01
6.737500000000000000e+01,4.568886184692382812e+01
6.225000000000000000e+01,4.634449005126953125e+01
6.888889312744140625e+01,4.691757583618164062e+01
6.812500000000000000e+01,4.690379714965820312e+01
6.562500000000000000e+01,4.678017807006835938e+01
6.662500000000000000e+01,4.800293731689453125e+01
6.825000000000000000e+01,4.967530059814453125e+01
6.842857360839843750e+01,5.123165130615234375e+01
6.750000000000000000e+01,5.301336669921875000e+01
6.750000000000000000e+01,5.502363204956054688e+01
6.811111450195312500e+01,5.627283859252929688e+01
6.775000000000000000e+01,5.741718292236328125e+01
6.875000000000000000e+01,5.861605834960937500e+01
6.912500000000000000e+01,6.004982376098632812e+01
6.875000000000000000e+01,6.111019134521484375e+01
6.811111450195312500e+01,6.319790267944335938e+01
6.887500000000000000e+01,6.522160339355468750e+01
6.700000000000000000e+01,6.679363250732421875e+01
6.762500000000000000e+01,6.823036193847656250e+01
6.675000000000000000e+01,6.956407165527343750e+01
6.877777862548828125e+01,7.063687133789062500e+01
6.737500000000000000e+01,7.142248535156250000e+01
6.655555725097656250e+01,7.158702087402343750e+01
6.812500000000000000e+01,7.177243041992187500e+01
6.400000000000000000e+01,7.160736846923828125e+01
6.628571319580078125e+01,7.146421813964843750e+01
6.588888549804687500e+01,7.112317657470703125e+01
6.633333587646484375e+01,7.099313354492187500e+01
6.800000000000000000e+01,7.102970123291015625e+01
6.677777862548828125e+01,7.076551818847656250e+01
6.587500000000000000e+01,7.073725891113281250e+01
6.625000000000000000e+01,7.085424041748046875e+01
6.500000000000000000e+01,7.106690216064453125e+01
6.612500000000000000e+01,7.104505157470703125e+01
6.511111450195312500e+01,7.102297210693359375e+01
6.700000000000000000e+01,7.093334960937500000e+01
6.722222137451171875e+01,7.071154785156250000e+01
6.537500000000000000e+01,7.050517272949218750e+01
6.437500000000000000e+01,6.969039916992187500e+01
6.722222137451171875e+01,7.008992004394531250e+01
6.700000000000000000e+01,7.049132537841796875e+01
6.633333587646484375e+01,7.089377593994140625e+01
6.537500000000000000e+01,7.075165557861328125e+01
6.555555725097656250e+01,7.040274810791015625e+01
6.612500000000000000e+01,7.078485107421875000e+01
6.712500000000000000e+01,7.085887145996093750e+01
6.077777862548828125e+01,7.069288635253906250e+01
6.500000000000000000e+01,7.028497314453125000e+01
6.466666412353515625e+01,7.018901824951171875e+01
6.262500000000000000e+01,6.964478302001953125e+01
6.500000000000000000e+01,6.967848968505859375e+01
6.087500000000000000e+01,6.896334075927734375e+01
6.512500000000000000e+01,6.939311218261718750e+01
6.155555725097656250e+01,6.945708465576171875e+01
6.500000000000000000e+01,6.937750244140625000e+01
6.512500000000000000e+01,6.972593688964843750e+01
6.300000000000000000e+01,6.952526855468750000e+01
6.366666793823242188e+01,6.946574401855468750e+01
6.387500000000000000e+01,6.929445648193359375e+01
6.733333587646484375e+01,6.934790039062500000e+01
6.100000000000000000e+01,6.944544982910156250e+01
6.212500000000000000e+01,6.914909362792968750e+01
6.500000000000000000e+01,6.874543762207031250e+01
6.222222137451171875e+01,6.877814483642578125e+01
6.066666793823242188e+01,6.936256408691406250e+01
6.300000000000000000e+01,6.856236267089843750e+01
5.344444274902343750e+01,6.854046630859375000e+01
6.387500000000000000e+01,6.602866363525390625e+01
6.175000000000000000e+01,6.376841735839843750e+01
6.244444656372070312e+01,6.293076324462890625e+01
6.437500000000000000e+01,6.223887252807617188e+01
5.444444274902343750e+01,6.078507995605468750e+01
5.525000000000000000e+01,6.183116149902343750e+01
6.312500000000000000e+01,6.298166656494140625e+01
6.150000000000000000e+01,6.392192840576171875e+01
6.150000000000000000e+01,6.494768524169921875e+01
6.577777862548828125e+01,6.407882690429687500e+01
6.662500000000000000e+01,6.285562896728515625e+01
6.337500000000000000e+01,6.347476196289062500e+01
6.400000000000000000e+01,6.393140792846679688e+01
6.711111450195312500e+01,6.352401733398437500e+01
6.087500000000000000e+01,6.429431915283203125e+01
5.811111068725585938e+01,6.502383422851562500e+01
6.225000000000000000e+01,6.524806213378906250e+01
4.862500000000000000e+01,6.473043823242187500e+01
6.075000000000000000e+01,6.524746704101562500e+01
6.100000000000000000e+01,6.475424957275390625e+01
5.300000000000000000e+01,6.388713073730468750e+01
6.733333587646484375e+01,6.328741455078125000e+01
6.400000000000000000e+01,6.163433837890625000e+01
6.075000000000000000e+01,6.161531066894531250e+01
6.157143020629882812e+01,6.114677047729492188e+01
5.987500000000000000e+01,5.970569229125976562e+01
6.112500000000000000e+01,6.168041610717773438e+01
5.900000000000000000e+01,6.237902450561523438e+01
5.487500000000000000e+01,6.222299575805664062e+01
6.100000000000000000e+01,6.312010192871093750e+01
6.144444274902343750e+01,6.299538421630859375e+01
5.557143020629882812e+01,6.286741256713867188e+01
6.100000000000000000e+01,6.289761734008789062e+01
5.487500000000000000e+01,6.126776504516601562e+01
5.811111068725585938e+01,6.034682846069335938e+01
5.850000000000000000e+01,6.002106094360351562e+01
5.266666793823242188e+01,5.802855300903320312e+01
6.075000000000000000e+01,5.791271591186523438e+01
5.400000000000000000e+01,5.731441497802734375e+01
5.950000000000000000e+01,5.694221878051757812e+01
6.366666793823242188e+01,5.596148300170898438e+01
5.325000000000000000e+01,5.636738204956054688e+01
6.016666793823242188e+01,5.737015533447265625e+01
5.966666793823242188e+01,5.796367263793945312e+01
6.000000000000000000e+01,5.985543823242187500e+01
6.012500000000000000e+01,6.096005630493164062e+01
6.312500000000000000e+01,6.002370071411132812e+01
6.111111068725585938e+01,5.952530670166015625e+01
5.600000000000000000e+01,5.935536575317382812e+01
6.277777862548828125e+01,5.887906646728515625e+01
6.187500000000000000e+01,5.912431335449218750e+01
6.188888931274414062e+01,6.019092178344726562e+01
6.525000000000000000e+01,6.069619369506835938e+01
5.688888931274414062e+01,6.134911346435546875e+01
6.325000000000000000e+01,6.152873229980468750e+01
5.955555725097656250e+01,6.259466171264648438e+01
5.975000000000000000e+01,6.247414779663085938e+01
6.200000000000000000e+01,6.303164291381835938e+01
6.425000000000000000e+01,6.226888656616210938e+01
6.122222137451171875e+01,6.227362823486328125e+01
6.150000000000000000e+01,6.316133117675781250e+01
6.400000000000000000e+01,6.309832382202148438e+01
6.312500000000000000e+01,6.366519927978515625e+01
6.411111450195312500e+01,6.478798675537109375e+01
6.375000000000000000e+01,6.525172424316406250e+01
6.562500000000000000e+01,6.554798889160156250e+01
6.544444274902343750e+01,6.645847320556640625e+01
6.450000000000000000e+01,6.718563842773437500e+01
6.387500000000000000e+01,6.783047485351562500e+01
6.677777862548828125e+01,6.791664123535156250e+01
6.487500000000000000e+01,6.851998138427734375e+01
6.450000000000000000e+01,6.869358825683593750e+01
6.622222137451171875e+01,6.892444610595703125e+01
6.475000000000000000e+01,6.901970672607421875e+01
6.757142639160156250e+01,6.890798187255859375e+01
6.687500000000000000e+01,6.869426727294921875e+01
6.455555725097656250e+01,6.848355865478515625e+01
6.762500000000000000e+01,6.868827056884765625e+01
6.777777862548828125e+01,6.872189331054687500e+01
6.850000000000000000e+01,6.913861083984375000e+01
6.775000000000000000e+01,6.941847229003906250e+01
6.837500000000000000e+01,6.910070800781250000e+01
6.788888549804687500e+01,6.883892059326171875e+01
6.775000000000000000e+01,6.878720855712890625e+01
6.744444274902343750e+01,6.892713165283203125e+01
6.712500000000000000e+01,6.885867309570312500e+01
6.562500000000000000e+01,6.879012298583984375e+01
6.700000000000000000e+01,6.859211730957031250e+01
6.750000000000000000e+01,6.802362060546875000e+01
6.700000000000000000e+01,6.717459106445312500e+01
6.566666412353515625e+01,6.647942352294921875e+01
6.575000000000000000e+01,6.571254730224609375e+01
6.611111450195312500e+01,6.504520416259765625e+01
6.412500000000000000e+01,6.436890411376953125e+01
6.800000000000000000e+01,6.385689544677734375e+01
6.650000000000000000e+01,6.322549438476562500e+01
6.655555725097656250e+01,6.309153366088867188e+01
6.637500000000000000e+01,6.287259292602539062e+01
6.475000000000000000e+01,6.209854507446289062e+01
6.666666412353515625e+01,6.264262008666992188e+01
6.477777862548828125e+01,6.247983551025390625e+01
6.588888549804687500e+01,6.224876403808593750e+01
6.625000000000000000e+01,6.196115493774414062e+01
6.300000000000000000e+01,6.055751037597656250e+01
6.562500000000000000e+01,6.035327911376953125e+01
6.455555725097656250e+01,6.011722564697265625e+01
6.244444656372070312e+01,6.005580139160156250e+01
6.462500000000000000e+01,6.037536621093750000e+01
6.233333206176757812e+01,5.832056808471679688e+01
6.562500000000000000e+01,5.901520919799804688e+01
6.287500000000000000e+01,5.937020111083984375e+01
6.466666412353515625e+01,5.866962432861328125e+01
9.982553592635667883e-07,5.866939544677734375e+01
9.982553592635667883e-07,5.834482955932617188e+01
9.982553592635667883e-07,5.877009963989257812e+01
9.982553592635667883e-07,5.952103805541992188e+01
9.982553592635667883e-07,6.034683990478515625e+01
9.982553592635667883e-07,3.922719192504882812e+01
9.982553592635667883e-07,3.788259887695312500e+01
9.982553592635667883e-07,3.627421188354492188e+01
9.982553592635667883e-07,3.490802383422851562e+01
9.982553592635667883e-07,3.375730514526367188e+01
6.500000000000000000e+01,3.276464843750000000e+01
6.362500000000000000e+01,3.184596824645996094e+01
6.600000000000000000e+01,3.098197364807128906e+01
6.900000000000000000e+01,3.008013916015625000e+01
6.475000000000000000e+01,2.912023353576660156e+01
6.400000000000000000e+01,3.772117996215820312e+01
6.500000000000000000e+01,4.516632461547851562e+01
6.562500000000000000e+01,5.120855331420898438e+01
6.285714340209960938e+01,5.631632614135742188e+01
6.211111068725585938e+01,6.002280044555664062e+01
6.350000000000000000e+01,6.249869918823242188e+01
6.362500000000000000e+01,6.428753662109375000e+01
6.366666793823242188e+01,6.509034729003906250e+01
6.325000000000000000e+01,6.556261444091796875e+01
6.388888931274414062e+01,6.567191314697265625e+01
6.187500000000000000e+01,6.596821594238281250e+01
6.522222137451171875e+01,6.571453857421875000e+01
6.350000000000000000e+01,6.561599731445312500e+01
6.322222137451171875e+01,6.549620056152343750e+01
6.287500000000000000e+01,6.538190460205078125e+01
6.422222137451171875e+01,6.531011199951171875e+01
6.350000000000000000e+01,6.550488281250000000e+01
6.555555725097656250e+01,6.594725799560546875e+01
6.412500000000000000e+01,6.618247985839843750e+01
6.500000000000000000e+01,6.634341430664062500e+01
6.266666793823242188e+01,6.648130798339843750e+01
6.400000000000000000e+01,6.654989624023437500e+01
6.512500000000000000e+01,6.649287414550781250e+01
6.233333206176757812e+01,6.672070312500000000e+01
6.312500000000000000e+01,6.713896179199218750e+01
6.512500000000000000e+01,6.701952362060546875e+01
6.350000000000000000e+01,6.670475006103515625e+01
6.550000000000000000e+01,6.682683563232421875e+01
6.387500000000000000e+01,6.704881286621093750e+01
6.433333587646484375e+01,6.707117462158203125e+01
6.422222137451171875e+01,6.751833343505859375e+01
6.387500000000000000e+01,6.733652496337890625e+01
6.412500000000000000e+01,6.687979125976562500e+01
6.155555725097656250e+01,6.694137573242187500e+01
6.411111450195312500e+01,6.711402893066406250e+01
6.240000152587890625e+01,6.701983642578125000e+01
6.200000000000000000e+01,6.713188934326171875e+01
9.982553592635667883e-07,6.752362823486328125e+01
9.982553592635667883e-07,6.763588714599609375e+01
6.355555725097656250e+01,6.371789169311523438e+01
6.475000000000000000e+01,6.434923553466796875e+01
6.425000000000000000e+01,6.464437866210937500e+01
6.222222137451171875e+01,6.435966491699218750e+01
6.225000000000000000e+01,6.454891204833984375e+01
6.277777862548828125e+01,6.528717803955078125e+01
6.033333206176757812e+01,6.584725952148437500e+01
6.612500000000000000e+01,6.623654937744140625e+01
6.637500000000000000e+01,6.653842163085937500e+01
6.600000000000000000e+01,6.586018371582031250e+01
6.562500000000000000e+01,6.572923278808593750e+01
6.300000000000000000e+01,6.574266052246093750e+01
6.375000000000000000e+01,6.569396209716796875e+01
6.712500000000000000e+01,6.645004272460937500e+01
6.333333206176757812e+01,6.765163421630859375e+01
6.537500000000000000e+01,6.789344024658203125e+01
6.711111450195312500e+01,6.806500244140625000e+01
6.675000000000000000e+01,6.788118743896484375e+01
6.433333587646484375e+01,6.806937408447265625e+01
6.662500000000000000e+01,6.856280517578125000e+01
6.662500000000000000e+01,6.872846984863281250e+01
6.700000000000000000e+01,6.886954498291015625e+01
6.675000000000000000e+01,6.920590972900390625e+01
6.762500000000000000e+01,6.971544647216796875e+01
6.777777862548828125e+01,6.971576690673828125e+01
6.762500000000000000e+01,6.995227813720703125e+01
6.785713958740234375e+01,7.013541412353515625e+01
6.737500000000000000e+01,7.012935638427734375e+01
6.844444274902343750e+01,7.022580718994140625e+01
6.655555725097656250e+01,7.038261413574218750e+01
6.875000000000000000e+01,7.051210021972656250e+01
6.762500000000000000e+01,7.056667327880859375e+01
6.787500000000000000e+01,7.063558197021484375e+01
6.811111450195312500e+01,7.032558441162109375e+01
6.750000000000000000e+01,7.023874664306640625e+01
6.766666412353515625e+01,6.989448547363281250e+01
6.700000000000000000e+01,6.962705230712890625e+01
6.812500000000000000e+01,6.926921081542968750e+01
6.650000000000000000e+01,6.881291198730468750e+01
6.725000000000000000e+01,6.821704101562500000e+01
6.725000000000000000e+01,6.702561187744140625e+01
6.737500000000000000e+01,6.606684875488281250e+01
6.725000000000000000e+01,6.527194213867187500e+01
6.685713958740234375e+01,6.469103240966796875e+01
6.750000000000000000e+01,6.402362060546875000e+01
6.733333587646484375e+01,6.346981811523437500e+01
6.675000000000000000e+01,6.286640167236328125e+01
6.777777862548828125e+01,6.270379257202148438e+01
6.725000000000000000e+01,6.186628341674804688e+01
6.800000000000000000e+01,6.197400283813476562e+01
6.850000000000000000e+01,6.167845535278320312e+01
6.733333587646484375e+01,6.202788925170898438e+01
6.687500000000000000e+01,6.224742126464843750e+01
6.637500000000000000e+01,6.247211837768554688e+01
6.487500000000000000e+01,6.254819107055664062e+01
6.712500000000000000e+01,6.228970718383789062e+01
6.511111450195312500e+01,6.251639938354492188e+01
6.600000000000000000e+01,6.255145263671875000e+01
6.450000000000000000e+01,6.215050888061523438e+01
6.625000000000000000e+01,6.154967498779296875e+01
6.483333587646484375e+01,6.101871490478515625e+01
6.655555725097656250e+01,6.027404403686523438e+01
6.737500000000000000e+01,5.987464904785156250e+01
6.687500000000000000e+01,5.980704116821289062e+01
6.575000000000000000e+01,6.008861923217773438e+01
6.525000000000000000e+01,6.083451080322265625e+01
6.287500000000000000e+01,6.223940658569335938e+01
6.700000000000000000e+01,6.321311569213867188e+01
6.562500000000000000e+01,6.447857666015625000e+01
6.433333587646484375e+01,6.547950744628906250e+01
6.737500000000000000e+01,6.575204467773437500e+01
6.725000000000000000e+01,6.657167053222656250e+01
6.675000000000000000e+01,6.678596496582031250e+01
6.466666412353515625e+01,6.718131256103515625e+01
6.600000000000000000e+01,6.755575561523437500e+01
6.737500000000000000e+01,6.781545257568359375e+01
6.377777862548828125e+01,6.801271057128906250e+01
6.500000000000000000e+01,6.844959259033203125e+01
6.477777862548828125e+01,6.868980407714843750e+01
6.437500000000000000e+01,6.871640014648437500e+01
6.455555725097656250e+01,6.876897430419921875e+01
6.425000000000000000e+01,6.923297119140625000e+01
6.575000000000000000e+01,6.897640991210937500e+01
6.387500000000000000e+01,6.883364868164062500e+01
6.655555725097656250e+01,6.878389739990234375e+01
6.587500000000000000e+01,6.857247161865234375e+01
6.512500000000000000e+01,6.853004455566406250e+01
6.312500000000000000e+01,6.874444580078125000e+01
6.622222137451171875e+01,6.889935302734375000e+01
6.362500000000000000e+01,6.871779632568359375e+01
6.444444274902343750e+01,6.911696624755859375e+01
6.387500000000000000e+01,6.902375793457031250e+01
6.400000000000000000e+01,6.898381805419921875e+01
6.344444274902343750e+01,6.862809753417968750e+01
6.362500000000000000e+01,6.834111785888671875e+01
6.288888931274414062e+01,6.852461242675781250e+01
6.200000000000000000e+01,6.868927764892578125e+01
9.982553592635667883e-07,6.887937164306640625e+01
9.982553592635667883e-07,6.850302886962890625e+01
9.982553592635667883e-07,6.822235870361328125e+01
9.982553592635667883e-07,6.816352844238281250e+01
9.982553592635667883e-07,6.841920471191406250e+01
9.982553592635667883e-07,6.836371612548828125e+01
9.982553592635667883e-07,4.482429885864257812e+01
9.982553592635667883e-07,3.970411682128906250e+01
9.982553592635667883e-07,3.696602630615234375e+01
6.162500000000000000e+01,3.532434463500976562e+01
6.275000000000000000e+01,3.404326629638671875e+01
6.277777862548828125e+01,3.289558410644531250e+01
6.325000000000000000e+01,3.175662422180175781e+01
6.514286041259765625e+01,3.068325424194335938e+01
6.237500000000000000e+01,2.945831298828125000e+01
6.300000000000000000e+01,3.769654846191406250e+01
6.200000000000000000e+01,4.612799072265625000e+01
6.211111068725585938e+01,5.285122680664062500e+01
6.300000000000000000e+01,5.821570968627929688e+01
6.266666793823242188e+01,6.213030242919921875e+01
6.512500000000000000e+01,6.469536590576171875e+01
6.512500000000000000e+01,6.631994628906250000e+01
6.377777862548828125e+01,6.694659423828125000e+01
6.550000000000000000e+01,6.695948791503906250e+01
6.150000000000000000e+01,6.705152130126953125e+01
6.325000000000000000e+01,6.672981262207031250e+01
6.566666412353515625e+01,6.739747619628906250e+01
6.387500000000000000e+01,6.764181518554687500e+01
6.550000000000000000e+01,6.720376586914062500e+01
6.385714340209960938e+01,6.591416168212890625e+01
6.375000000000000000e+01,6.458689880371093750e+01
6.655555725097656250e+01,6.385260009765625000e+01
6.500000000000000000e+01,6.343433761596679688e+01
6.437500000000000000e+01,6.378907012939453125e+01
6.337500000000000000e+01,6.467718505859375000e+01
6.511111450195312500e+01,6.445420837402343750e+01
6.537500000000000000e+01,6.440792846679687500e+01
6.377777862548828125e+01,6.463860321044921875e+01
6.312500000000000000e+01,6.546545410156250000e+01
6.350000000000000000e+01,6.609532928466796875e+01
6.375000000000000000e+01,6.585048675537109375e+01
6.412500000000000000e+01,6.522370910644531250e+01
6.188888931274414062e+01,6.486451721191406250e+01
6.412500000000000000e+01,6.419770812988281250e+01
6.337500000000000000e+01,6.397673416137695312e+01
6.444444274902343750e+01,6.380113983154296875e+01
6.462500000000000000e+01,6.357309341430664062e+01
6.225000000000000000e+01,6.389801788330078125e+01
6.362500000000000000e+01,6.482912445068359375e+01
6.433333587646484375e+01,6.554411315917968750e+01
6.562500000000000000e+01,6.594095611572265625e+01
6.255555725097656250e+01,6.592163848876953125e+01
6.433333587646484375e+01,6.616725158691406250e+01
6.175000000000000000e+01,6.572557067871093750e+01
6.311111068725585938e+01,6.533185577392578125e+01
6.100000000000000000e+01,6.326485443115234375e+01
6.225000000000000000e+01,6.254090881347656250e+01
6.166666793823242188e+01,6.209411621093750000e+01
4.262500000000000000e+01,6.172914505004882812e+01
4.522222137451171875e+01,6.044963836669921875e+01
5.275000000000000000e+01,5.768897247314453125e+01
6.411111450195312500e+01,5.322895431518554688e+01
6.125000000000000000e+01,4.944496917724609375e+01
6.362500000000000000e+01,4.641584014892578125e+01
6.100000000000000000e+01,4.544435882568359375e+01
4.600000000000000000e+01,4.493717575073242188e+01
2.975000000000000000e+01,4.410155487060546875e+01
3.688888931274414062e+01,4.357608413696289062e+01
4.500000000000000000e+01,4.335750961303710938e+01
6.300000000000000000e+01,4.365954589843750000e+01
6.577777862548828125e+01,4.375839614868164062e+01
6.500000000000000000e+01,4.441076660156250000e+01
6.655555725097656250e+01,4.479714202880859375e+01
6.737500000000000000e+01,4.475426101684570312e+01
6.225000000000000000e+01,4.494884109497070312e+01
6.888889312744140625e+01,4.568003082275390625e+01
6.812500000000000000e+01,4.638773727416992188e+01
6.562500000000000000e+01,4.643056106567382812e+01
6.662500000000000000e+01,4.641348266601562500e+01
6.825000000000000000e+01,4.773554992675781250e+01
6.842857360839843750e+01,4.964426422119140625e+01
6.750000000000000000e+01,5.148228073120117188e+01
6.750000000000000000e+01,5.347266006469726562e+01
6.811111450195312500e+01,5.537487411499023438e+01
6.775000000000000000e+01,5.666798782348632812e+01
6.875000000000000000e+01,5.802764511108398438e+01
6.912500000000000000e+01,5.937976455688476562e+01
6.875000000000000000e+01,6.107660293579101562e+01
6.811111450195312500e+01,6.231669616699218750e+01
6.887500000000000000e+01,6.442468261718750000e+01
6.700000000000000000e+01,6.642864227294921875e+01
6.762500000000000000e+01,6.796684265136718750e+01
6.675000000000000000e+01,6.932293701171875000e+01
6.877777862548828125e+01,7.060344696044921875e+01
6.737500000000000000e+01,7.163799285888671875e+01
6.655555725097656250e+01,7.239007568359375000e+01
6.812500000000000000e+01,7.254827117919921875e+01
6.400000000000000000e+01,7.271157836914062500e+01
6.628571319580078125e+01,7.255838012695312500e+01
6.588888549804687500e+01,7.240110778808593750e+01
6.633333587646484375e+01,7.204398345947265625e+01
6.800000000000000000e+01,7.193150329589843750e+01
6.677777862548828125e+01,7.197231292724609375e+01
6.587500000000000000e+01,7.172139739990234375e+01
6.625000000000000000e+01,7.171133422851562500e+01
6.500000000000000000e+01,7.183914947509765625e+01
6.612500000000000000e+01,7.203821563720703125e+01
6.511111450195312500e+01,7.202720642089843750e+01
6.700000000000000000e+01,7.199916076660156250e+01
6.722222137451171875e+01,7.192497253417968750e+01
6.537500000000000000e+01,7.168577575683593750e+01
6.437500000000000000e+01,7.149221038818359375e+01
6.722222137451171875e+01,7.069921875000000000e+01
6.700000000000000000e+01,7.108605957031250000e+01
6.633333587646484375e+01,7.148688507080078125e+01
6.537500000000000000e+01,7.188822937011718750e+01
6.555555725097656250e+01,7.171450042724609375e+01
6.612500000000000000e+01,7.137823486328125000e+01
6.712500000000000000e+01,7.175798797607421875e+01
6.077777862548828125e+01,7.185567474365234375e+01
6.500000000000000000e+01,7.168140411376953125e+01
6.466666412353515625e+01,7.127970123291015625e+01
6.262500000000000000e+01,7.120040130615234375e+01
6.500000000000000000e+01,7.067409515380859375e+01
6.087500000000000000e+01,7.065718078613281250e+01
6.512500000000000000e+01,7.000965118408203125e+01
6.155555725097656250e+01,7.046967315673828125e+01
6.500000000000000000e+01,7.054503631591796875e+01
6.512500000000000000e+01,7.046064758300781250e+01
6.300000000000000000e+01,7.077606201171875000e+01
6.366666793823242188e+01,7.055326080322265625e+01
6.387500000000000000e+01,7.049799346923828125e+01
6.733333587646484375e+01,7.034404754638671875e+01
6.100000000000000000e+01,7.039945983886718750e+01
6.212500000000000000e+01,7.049859619140625000e+01
6.500000000000000000e+01,7.016734313964843750e+01
6.222222137451171875e+01,6.976736450195312500e+01
6.066666793823242188e+01,6.982344055175781250e+01
6.300000000000000000e+01,7.037023925781250000e+01
5.344444274902343750e+01,6.960526275634765625e+01
6.387500000000000000e+01,6.958779144287109375e+01
6.175000000000000000e+01,6.710630798339843750e+01
6.244444656372070312e+01,6.481041717529296875e+01
6.437500000000000000e+01,6.391257476806640625e+01
5.444444274902343750e+01,6.310052108764648438e+01
5.525000000000000000e+01,6.163216018676757812e+01
6.312500000000000000e+01,6.267399597167968750e+01
6.150000000000000000e+01,6.381464004516601562e+01
6.150000000000000000e+01,6.475106048583984375e+01
6.577777862548828125e+01,6.575251770019531250e+01
6.662500000000000000e+01,6.482646942138671875e+01
6.337500000000000000e+01,6.358401489257812500e+01
6.400000000000000000e+01,6.415267944335937500e+01
6.711111450195312500e+01,6.455061340332031250e+01
6.087500000000000000e+01,6.413626098632812500e+01
5.811111068725585938e+01,6.488790893554687500e+01
6.225000000000000000e+01,6.551029968261718750e+01
4.862500000000000000e+01,6.571346282958984375e+01
6.075000000000000000e+01,6.517148590087890625e+01
6.100000000000000000e+01,6.566752624511718750e+01
5.300000000000000000e+01,6.515100860595703125e+01
6.733333587646484375e+01,6.426702117919921875e+01
6.400000000000000000e+01,6.373320770263671875e+01
6.075000000000000000e+01,6.213308715820312500e+01
6.157143020629882812e+01,6.212789154052734375e+01
5.987500000000000000e+01,6.165616607666015625e+01
6.112500000000000000e+01,6.022974014282226562e+01
5.900000000000000000e+01,6.230635452270507812e+01
5.487500000000000000e+01,6.297050476074218750e+01
6.100000000000000000e+01,6.276275634765625000e+01
6.144444274902343750e+01,6.371531677246093750e+01
5.557143020629882812e+01,6.359739303588867188e+01
6.100000000000000000e+01,6.347029876708984375e+01
5.487500000000000000e+01,6.348283386230468750e+01
5.811111068725585938e+01,6.175553894042968750e+01
5.850000000000000000e+01,6.077377700805664062e+01
5.266666793823242188e+01,6.032360076904296875e+01
6.075000000000000000e+01,5.828061294555664062e+01
5.400000000000000000e+01,5.812122726440429688e+01
5.950000000000000000e+01,5.751025009155273438e+01
6.366666793823242188e+01,5.708886337280273438e+01
5.325000000000000000e+01,5.622157287597656250e+01
6.016666793823242188e+01,5.667935943603515625e+01
5.966666793823242188e+01,5.774255752563476562e+01
6.000000000000000000e+01,5.854082489013671875e+01
6.012500000000000000e+01,6.055130767822265625e+01
6.312500000000000000e+01,6.165183258056640625e+01
6.111111068725585938e+01,6.069697570800781250e+01
5.600000000000000000e+01,6.016984939575195312e+01
6.277777862548828125e+01,5.998621749877929688e+01
6.187500000000000000e+01,5.947355651855468750e+01
6.188888931274414062e+01,5.972892761230468750e+01
6.525000000000000000e+01,6.084772109985351562e+01
5.688888931274414062e+01,6.134300994873046875e+01
6.325000000000000000e+01,6.198670578002929688e+01
5.955555725097656250e+01,6.223144531250000000e+01
5.975000000000000000e+01,6.333441925048828125e+01
6.200000000000000000e+01,6.318881988525390625e+01
6.425000000000000000e+01,6.374080657958984375e+01
6.122222137451171875e+01,6.298051071166992188e+01
6.150000000000000000e+01,6.298730468750000000e+01
6.400000000000000000e+01,6.387090301513671875e+01
6.312500000000000000e+01,6.381290435791015625e+01
6.411111450195312500e+01,6.444532012939453125e+01
6.375000000000000000e+01,6.554180908203125000e+01
6.562500000000000000e+01,6.605274963378906250e+01
6.544444274902343750e+01,6.638863372802734375e+01
6.450000000000000000e+01,6.734215545654296875e+01
6.387500000000000000e+01,6.808111572265625000e+01
6.677777862548828125e+01,6.872941589355468750e+01
6.487500000000000000e+01,6.881707000732421875e+01
6.450000000000000000e+01,6.940026092529296875e+01
6.622222137451171875e+01,6.954338836669921875e+01
6.475000000000000000e+01,6.978691864013671875e+01
6.757142639160156250e+01,6.987115478515625000e+01
6.687500000000000000e+01,6.974758148193359375e+01
6.455555725097656250e+01,6.952385711669921875e+01
6.762500000000000000e+01,6.932447814941406250e+01
6.777777862548828125e+01,6.949113464355468750e+01
6.850000000000000000e+01,6.951553344726562500e+01
6.775000000000000000e+01,6.988198089599609375e+01
6.837500000000000000e+01,7.014591217041015625e+01
6.788888549804687500e+01,6.979928588867187500e+01
6.775000000000000000e+01,6.952664184570312500e+01
6.744444274902343750e+01,6.944630432128906250e+01
6.712500000000000000e+01,6.955442047119140625e+01
6.562500000000000000e+01,6.945552825927734375e+01
6.700000000000000000e+01,6.934435272216796875e+01
6.750000000000000000e+01,6.905847167968750000e+01
6.700000000000000000e+01,6.837181091308593750e+01
6.566666412353515625e+01,6.744741058349609375e+01
6.575000000000000000e+01,6.664707183837890625e+01
6.611111450195312500e+01,6.576733398437500000e+01
6.412500000000000000e+01,6.501277923583984375e+01
6.800000000000000000e+01,6.431444549560546875e+01
6.650000000000000000e+01,6.373994827270507812e+01
6.655555725097656250e+01,6.308223342895507812e+01
6.637500000000000000e+01,6.296842575073242188e+01
6.475000000000000000e+01,6.278039169311523438e+01
6.666666412353515625e+01,6.199637985229492188e+01
6.477777862548828125e+01,6.245410537719726562e+01
6.588888549804687500e+01,6.225557708740234375e+01
6.625000000000000000e+01,6.199184036254882812e+01
6.300000000000000000e+01,6.167839050292968750e+01
6.562500000000000000e+01,6.026400756835937500e+01
6.455555725097656250e+01,6.006018066406250000e+01
6.244444656372070312e+01,5.979069900512695312e+01
6.462500000000000000e+01,5.973130416870117188e+01
6.233333206176757812e+01,6.005322265625000000e+01
6.562500000000000000e+01,5.799546051025390625e+01
6.287500000000000000e+01,5.869918823242187500e+01
6.466666412353515625e+01,5.903046035766601562e+01
9.982553592635667883e-07,5.833457946777343750e+01
9.982553592635667883e-07,5.836314773559570312e+01
9.982553592635667883e-07,5.811725997924804688e+01
9.982553592635667883e-07,5.863783264160156250e+01
9.982553592635667883e-07,5.944045257568359375e+01
9.982553592635667883e-07,6.035826492309570312e+01
9.982553592635667883e-07,3.822871780395507812e+01
9.982553592635667883e-07,3.648014068603515625e+01
9.982553592635667883e-07,3.463335418701171875e+01
9.982553592635667883e-07,3.309011077880859375e+01
6.500000000000000000e+01,3.178277397155761719e+01
6.362500000000000000e+01,3.065842056274414062e+01
6.600000000000000000e+01,2.964149856567382812e+01
6.900000000000000000e+01,2.871025466918945312e+01
6.475000000000000000e+01,2.776660537719726562e+01
6.400000000000000000e+01,2.681026268005371094e+01
6.500000000000000000e+01,3.503189086914062500e+01
6.562500000000000000e+01,4.307862472534179688e+01
6.285714340209960938e+01,5.026504898071289062e+01
6.211111068725585938e+01,5.630964279174804688e+01
6.350000000000000000e+01,6.050779724121093750e+01
6.362500000000000000e+01,6.325465393066406250e+01
6.366666793823242188e+01,6.513609313964843750e+01
6.325000000000000000e+01,6.598281860351562500e+01
6.388888931274414062e+01,6.651435852050781250e+01
6.187500000000000000e+01,6.660046386718750000e+01
6.522222137451171875e+01,6.685535430908203125e+01
6.350000000000000000e+01,6.647100067138671875e+01
6.322222137451171875e+01,6.637551879882812500e+01
6.287500000000000000e+01,6.629381561279296875e+01
6.422222137451171875e+01,6.621257781982421875e+01
6.350000000000000000e+01,6.618756866455078125e+01
6.555555725097656250e+01,6.640592956542968750e+01
6.412500000000000000e+01,6.685098266601562500e+01
6.500000000000000000e+01,6.711243438720703125e+01
6.266666793823242188e+01,6.729953765869140625e+01
6.400000000000000000e+01,6.745705413818359375e+01
6.512500000000000000e+01,6.752982330322265625e+01
6.233333206176757812e+01,6.748262786865234375e+01
6.312500000000000000e+01,6.768374633789062500e+01
6.512500000000000000e+01,6.808805084228515625e+01
6.350000000000000000e+01,6.795140075683593750e+01
6.550000000000000000e+01,6.761400604248046875e+01
6.387500000000000000e+01,6.771769714355468750e+01
6.433333587646484375e+01,6.793383026123046875e+01
6.422222137451171875e+01,6.794945526123046875e+01
6.387500000000000000e+01,6.839550018310546875e+01
6.412500000000000000e+01,6.819895172119140625e+01
6.155555725097656250e+01,6.777431488037109375e+01
6.411111450195312500e+01,6.780647277832031250e+01
6.240000152587890625e+01,6.796786499023437500e+01
6.200000000000000000e+01,6.786667633056640625e+01
9.982553592635667883e-07,6.797852325439453125e+01
9.982553592635667883e-07,6.835816955566406250e+01
9.982553592635667883e-07,6.846443939208984375e+01
6.475000000000000000e+01,6.437721252441406250e+01
6.425000000000000000e+01,6.501398468017578125e+01
6.222222137451171875e+01,6.530642700195312500e+01
6.225000000000000000e+01,6.502718353271484375e+01
6.277777862548828125e+01,6.523352813720703125e+01
6.033333206176757812e+01,6.599755859375000000e+01
6.612500000000000000e+01,6.657356262207031250e+01
6.637500000000000000e+01,6.700218200683593750e+01
6.600000000000000000e+01,6.730064392089843750e+01
6.562500000000000000e+01,6.668209075927734375e+01
6.300000000000000000e+01,6.653389739990234375e+01
6.375000000000000000e+01,6.653128814697265625e+01
6.712500000000000000e+01,6.650340270996093750e+01
6.333333206176757812e+01,6.727603149414062500e+01
6.537500000000000000e+01,6.844125366210937500e+01
6.711111450195312500e+01,6.865162658691406250e+01
6.675000000000000000e+01,6.880686950683593750e+01
6.433333587646484375e+01,6.866604614257812500e+01
6.662500000000000000e+01,6.886660766601562500e+01
6.662500000000000000e+01,6.936963653564453125e+01
6.700000000000000000e+01,6.954306793212890625e+01
6.675000000000000000e+01,6.967389678955078125e+01
6.762500000000000000e+01,6.999780273437500000e+01
6.777777862548828125e+01,7.049504852294921875e+01
6.762500000000000000e+01,7.049902343750000000e+01
6.785713958740234375e+01,7.074873352050781250e+01
6.737500000000000000e+01,7.095358276367187500e+01
6.844444274902343750e+01,7.091083526611328125e+01
6.655555725097656250e+01,7.099475097656250000e+01
6.875000000000000000e+01,7.112501525878906250e+01
6.762500000000000000e+01,7.122030639648437500e+01
6.787500000000000000e+01,7.123525238037109375e+01
6.811111450195312500e+01,7.127450561523437500e+01
6.750000000000000000e+01,7.096594238281250000e+01
6.766666412353515625e+01,7.086410522460937500e+01
6.700000000000000000e+01,7.050802612304687500e+01
6.812500000000000000e+01,7.020925903320312500e+01
6.650000000000000000e+01,6.981237792968750000e+01
6.725000000000000000e+01,6.931212615966796875e+01
6.725000000000000000e+01,6.866282653808593750e+01
6.737500000000000000e+01,6.741629791259765625e+01
6.725000000000000000e+01,6.639694976806640625e+01
6.685713958740234375e+01,6.555098724365234375e+01
6.750000000000000000e+01,6.494517517089843750e+01
6.733333587646484375e+01,6.425720977783203125e+01
6.675000000000000000e+01,6.369980239868164062e+01
6.777777862548828125e+01,6.308062362670898438e+01
6.725000000000000000e+01,6.289384841918945312e+01
6.800000000000000000e+01,6.205654907226562500e+01
6.850000000000000000e+01,6.214751052856445312e+01
6.733333587646484375e+01,6.185352706909179688e+01
6.687500000000000000e+01,6.223318481445312500e+01
6.637500000000000000e+01,6.246187973022460938e+01
6.487500000000000000e+01,6.273364639282226562e+01
6.712500000000000000e+01,6.278666305541992188e+01
6.511111450195312500e+01,6.254403686523437500e+01
6.600000000000000000e+01,6.272395324707031250e+01
6.450000000000000000e+01,6.266393661499023438e+01
6.625000000000000000e+01,6.218082427978515625e+01
6.483333587646484375e+01,6.155533218383789062e+01
6.655555725097656250e+01,6.104948425292968750e+01
6.737500000000000000e+01,6.037975311279296875e+01
6.687500000000000000e+01,6.004822921752929688e+01
6.575000000000000000e+01,6.002274703979492188e+01
6.525000000000000000e+01,6.042064285278320312e+01
6.287500000000000000e+01,6.132846069335937500e+01
6.700000000000000000e+01,6.281014251708984375e+01
6.562500000000000000e+01,6.385231018066406250e+01
6.433333587646484375e+01,6.517395782470703125e+01
6.737500000000000000e+01,6.615770721435546875e+01
6.725000000000000000e+01,6.647434997558593750e+01
6.675000000000000000e+01,6.731012725830078125e+01
6.466666412353515625e+01,6.755264282226562500e+01
6.600000000000000000e+01,6.797497558593750000e+01
6.737500000000000000e+01,6.835520935058593750e+01
6.377777862548828125e+01,6.864282989501953125e+01
6.500000000000000000e+01,6.885538482666015625e+01
6.477777862548828125e+01,6.930670166015625000e+01
6.437500000000000000e+01,6.955277252197265625e+01
6.455555725097656250e+01,6.961305236816406250e+01
6.425000000000000000e+01,6.968859100341796875e+01
6.575000000000000000e+01,7.012046813964843750e+01
6.387500000000000000e+01,6.988229370117187500e+01
6.655555725097656250e+01,6.976091003417968750e+01
6.587500000000000000e+01,6.974082183837890625e+01
6.512500000000000000e+01,6.952041625976562500e+01
6.312500000000000000e+01,6.947938537597656250e+01
6.622222137451171875e+01,6.967738342285156250e+01
6.362500000000000000e+01,6.983914947509765625e+01
6.444444274902343750e+01,6.964067840576171875e+01
6.387500000000000000e+01,7.002421569824218750e+01
6.400000000000000000e+01,6.993398284912109375e+01
6.344444274902343750e+01,6.987334442138671875e+01
6.362500000000000000e+01,6.953942871093750000e+01
6.288888931274414062e+01,6.926065063476562500e+01
6.200000000000000000e+01,6.944443511962890625e+01
9.982553592635667883e-07,6.959614562988281250e+01
9.982553592635667883e-07,6.978317260742187500e+01
9.982553592635667883e-07,6.935866546630859375e+01
9.982553592635667883e-07,6.916186523437500000e+01
9.982553592635667883e-07,6.912661743164062500e+01
9.982553592635667883e-07,6.935462188720703125e+01
9.982553592635667883e-07,6.930442810058593750e+01
9.982553592635667883e-07,4.448249435424804688e+01
9.982553592635667883e-07,3.910263442993164062e+01
6.162500000000000000e+01,3.612334823608398438e+01
6.275000000000000000e+01,3.428153610229492188e+01
6.277777862548828125e+01,3.282242202758789062e+01
6.325000000000000000e+01,3.152054786682128906e+01
6.514286041259765625e+01,3.025467872619628906e+01
6.237500000000000000e+01,2.908711433410644531e+01
6.300000000000000000e+01,2.780328369140625000e+01
6.200000000000000000e+01,3.562667846679687500e+01
6.211111068725585938e+01,4.476732254028320312e+01
6.300000000000000000e+01,5.256810379028320312e+01
6.266666793823242188e+01,5.867722320556640625e+01
6.512500000000000000e+01,6.286611175537109375e+01
6.512500000000000000e+01,6.553464508056640625e+01
6.377777862548828125e+01,6.722231292724609375e+01
6.550000000000000000e+01,6.794197845458984375e+01
6.150000000000000000e+01,6.804193878173828125e+01
6.325000000000000000e+01,6.817255401611328125e+01
6.566666412353515625e+01,6.783454132080078125e+01
6.387500000000000000e+01,6.837151336669921875e+01
6.550000000000000000e+01,6.859155273437500000e+01
6.385714340209960938e+01,6.820117950439453125e+01
6.375000000000000000e+01,6.705246734619140625e+01
6.655555725097656250e+01,6.581939697265625000e+01
6.500000000000000000e+01,6.509669494628906250e+01
6.437500000000000000e+01,6.472103118896484375e+01
6.337500000000000000e+01,6.501409149169921875e+01
6.511111450195312500e+01,6.583164215087890625e+01
6.537500000000000000e+01,6.561643981933593750e+01
6.377777862548828125e+01,6.556865692138671875e+01
6.312500000000000000e+01,6.574863433837890625e+01
6.350000000000000000e+01,6.645000457763671875e+01
6.375000000000000000e+01,6.698357391357421875e+01
6.412500000000000000e+01,6.677611541748046875e+01
6.188888931274414062e+01,6.624742889404296875e+01
6.412500000000000000e+01,6.593837738037109375e+01
6.337500000000000000e+01,6.527043914794921875e+01
6.444444274902343750e+01,6.504179382324218750e+01
6.462500000000000000e+01,6.486633300781250000e+01
6.225000000000000000e+01,6.464243316650390625e+01
6.362500000000000000e+01,6.492665863037109375e+01
6.433333587646484375e+01,6.575864410400390625e+01
6.562500000000000000e+01,6.640985107421875000e+01
6.255555725097656250e+01,6.675282287597656250e+01
6.433333587646484375e+01,6.678214263916015625e+01
6.175000000000000000e+01,6.703684997558593750e+01
6.311111068725585938e+01,6.665766906738281250e+01
6.100000000000000000e+01,6.628884124755859375e+01
6.225000000000000000e+01,6.435173797607421875e+01
6.166666793823242188e+01,6.371178054809570312e+01
4.262500000000000000e+01,6.329058837890625000e+01
4.522222137451171875e+01,6.285380172729492188e+01
5.275000000000000000e+01,6.148696136474609375e+01
6.411111450195312500e+01,5.872164535522460938e+01
6.125000000000000000e+01,5.414578247070312500e+01
6.362500000000000000e+01,5.008035659790039062e+01
6.100000000000000000e+01,4.680515289306640625e+01
4.600000000000000000e+01,4.549338150024414062e+01
2.975000000000000000e+01,4.475647354125976562e+01
3.688888931274414062e+01,4.384484100341796875e+01
4.500000000000000000e+01,4.320734405517578125e+01
6.300000000000000000e+01,4.296490097045898438e+01
6.577777862548828125e+01,4.318722152709960938e+01
6.500000000000000000e+01,4.321397781372070312e+01
6.655555725097656250e+01,4.380875396728515625e+01
6.737500000000000000e+01,4.410105514526367188e+01
6.225000000000000000e+01,4.401016616821289062e+01
6.888889312744140625e+01,4.419660568237304688e+01
6.812500000000000000e+01,4.502741241455078125e+01
6.562500000000000000e+01,4.588025665283203125e+01
6.662500000000000000e+01,4.598339080810546875e+01
6.825000000000000000e+01,4.607272338867187500e+01
6.842857360839843750e+01,4.750325775146484375e+01
6.750000000000000000e+01,4.966080856323242188e+01
6.750000000000000000e+01,5.178555297851562500e+01
6.811111450195312500e+01,5.398416900634765625e+01
6.775000000000000000e+01,5.580681610107421875e+01
6.875000000000000000e+01,5.716051864624023438e+01
6.912500000000000000e+01,5.873335647583007812e+01
6.875000000000000000e+01,6.023127746582031250e+01
6.811111450195312500e+01,6.215046310424804688e+01
6.887500000000000000e+01,6.354318237304687500e+01
6.700000000000000000e+01,6.564239501953125000e+01
6.762500000000000000e+01,6.760719299316406250e+01
6.675000000000000000e+01,6.910518646240234375e+01
6.877777862548828125e+01,7.038144683837890625e+01
6.737500000000000000e+01,7.160577392578125000e+01
6.655555725097656250e+01,7.260158538818359375e+01
6.812500000000000000e+01,7.332215118408203125e+01
6.400000000000000000e+01,7.348419189453125000e+01
6.628571319580078125e+01,7.363072204589843750e+01
6.588888549804687500e+01,7.349639892578125000e+01
6.633333587646484375e+01,7.332735443115234375e+01
6.800000000000000000e+01,7.296372985839843750e+01
6.677777862548828125e+01,7.286853790283203125e+01
6.587500000000000000e+01,7.290745544433593750e+01
6.625000000000000000e+01,7.267034912109375000e+01
6.500000000000000000e+01,7.267850494384765625e+01
6.612500000000000000e+01,7.281055450439453125e+01
6.511111450195312500e+01,7.299240875244140625e+01
6.700000000000000000e+01,7.299111938476562500e+01
6.722222137451171875e+01,7.295861816406250000e+01
6.537500000000000000e+01,7.290105438232421875e+01
6.437500000000000000e+01,7.264710998535156250e+01
6.722222137451171875e+01,7.246745300292968750e+01
6.700000000000000000e+01,7.170941925048828125e+01
6.633333587646484375e+01,7.207259368896484375e+01
6.537500000000000000e+01,7.246368408203125000e+01
6.555555725097656250e+01,7.285934448242187500e+01
6.612500000000000000e+01,7.266442108154296875e+01
6.712500000000000000e+01,7.234869384765625000e+01
6.077777862548828125e+01,7.271720123291015625e+01
6.500000000000000000e+01,7.283485412597656250e+01
6.466666412353515625e+01,7.265316772460937500e+01
6.262500000000000000e+01,7.226197814941406250e+01
6.500000000000000000e+01,7.219364166259765625e+01
6.087500000000000000e+01,7.169277954101562500e+01
6.512500000000000000e+01,7.162908935546875000e+01
6.155555725097656250e+01,7.105860900878906250e+01
6.500000000000000000e+01,7.152874755859375000e+01
6.512500000000000000e+01,7.161043548583984375e+01
6.300000000000000000e+01,7.152767181396484375e+01
6.366666793823242188e+01,7.180671691894531250e+01
6.387500000000000000e+01,7.157549285888671875e+01
6.733333587646484375e+01,7.152610778808593750e+01
6.100000000000000000e+01,7.139291381835937500e+01
6.212500000000000000e+01,7.144842529296875000e+01
6.500000000000000000e+01,7.154472351074218750e+01
6.222222137451171875e+01,7.118815612792968750e+01
6.066666793823242188e+01,7.079673004150390625e+01
6.300000000000000000e+01,7.087217712402343750e+01
5.344444274902343750e+01,7.136920928955078125e+01
6.387500000000000000e+01,7.065540313720703125e+01
6.175000000000000000e+01,7.063867950439453125e+01
6.244444656372070312e+01,6.823104095458984375e+01
6.437500000000000000e+01,6.593088531494140625e+01
5.444444274902343750e+01,6.497201538085937500e+01
5.525000000000000000e+01,6.403392791748046875e+01
6.312500000000000000e+01,6.255228042602539062e+01
6.150000000000000000e+01,6.356160736083984375e+01
6.150000000000000000e+01,6.467501068115234375e+01
6.577777862548828125e+01,6.559750366210937500e+01
6.662500000000000000e+01,6.656303405761718750e+01
6.337500000000000000e+01,6.559529113769531250e+01
6.400000000000000000e+01,6.434210205078125000e+01
6.711111450195312500e+01,6.484298706054687500e+01
6.087500000000000000e+01,6.517232513427734375e+01
5.811111068725585938e+01,6.476191711425781250e+01
6.225000000000000000e+01,6.549453735351562500e+01
4.862500000000000000e+01,6.601375579833984375e+01
6.075000000000000000e+01,6.620874786376953125e+01
6.100000000000000000e+01,6.565521240234375000e+01
5.300000000000000000e+01,6.612701416015625000e+01
6.733333587646484375e+01,6.560607910156250000e+01
6.400000000000000000e+01,6.471143341064453125e+01
6.075000000000000000e+01,6.424218750000000000e+01
6.157143020629882812e+01,6.270999908447265625e+01
5.987500000000000000e+01,6.269818878173828125e+01
6.112500000000000000e+01,6.222346496582031250e+01
5.900000000000000000e+01,6.081580352783203125e+01
5.487500000000000000e+01,6.295470428466796875e+01
6.100000000000000000e+01,6.358426666259765625e+01
6.144444274902343750e+01,6.333875656127929688e+01
5.557143020629882812e+01,6.433879852294921875e+01
6.100000000000000000e+01,6.423059844970703125e+01
5.487500000000000000e+01,6.411203765869140625e+01
5.811111068725585938e+01,6.411112213134765625e+01
5.850000000000000000e+01,6.230532455444335938e+01
5.266666793823242188e+01,6.127019119262695312e+01
6.075000000000000000e+01,6.070285797119140625e+01
5.400000000000000000e+01,5.862731933593750000e+01
5.950000000000000000e+01,5.841271209716796875e+01
6.366666793823242188e+01,5.777773666381835938e+01
5.325000000000000000e+01,5.730081558227539062e+01
6.016666793823242188e+01,5.654906845092773438e+01
5.966666793823242188e+01,5.704755020141601562e+01
6.000000000000000000e+01,5.815841674804687500e+01
6.012500000000000000e+01,5.915274429321289062e+01
6.312500000000000000e+01,6.125210189819335938e+01
6.111111068725585938e+01,6.235095214843750000e+01
5.600000000000000000e+01,6.139274978637695312e+01
6.277777862548828125e+01,6.083898925781250000e+01
6.187500000000000000e+01,6.064641189575195312e+01
6.188888931274414062e+01,6.010998153686523438e+01
6.525000000000000000e+01,6.037792205810546875e+01
5.688888931274414062e+01,6.154149246215820312e+01
6.325000000000000000e+01,6.202941513061523438e+01
5.955555725097656250e+01,6.266587448120117188e+01
5.975000000000000000e+01,6.297289657592773438e+01
6.200000000000000000e+01,6.409930419921875000e+01
6.425000000000000000e+01,6.394112777709960938e+01
6.122222137451171875e+01,6.448010253906250000e+01
6.150000000000000000e+01,6.373613739013671875e+01
6.400000000000000000e+01,6.374141693115234375e+01
6.312500000000000000e+01,6.460935211181640625e+01
6.411111450195312500e+01,6.455927276611328125e+01
6.375000000000000000e+01,6.524231719970703125e+01
6.562500000000000000e+01,6.630130767822265625e+01
6.544444274902343750e+01,6.685604095458984375e+01
6.450000000000000000e+01,6.723244476318359375e+01
6.387500000000000000e+01,6.821143341064453125e+01
6.677777862548828125e+01,6.895698547363281250e+01
6.487500000000000000e+01,6.960502624511718750e+01
6.450000000000000000e+01,6.969953918457031250e+01
6.622222137451171875e+01,7.025930786132812500e+01
6.475000000000000000e+01,7.037711334228515625e+01
6.757142639160156250e+01,7.063158416748046875e+01
6.687500000000000000e+01,7.070597839355468750e+01
6.455555725097656250e+01,7.057471466064453125e+01
6.762500000000000000e+01,7.034706115722656250e+01
6.777777862548828125e+01,7.016162109375000000e+01
6.850000000000000000e+01,7.029084777832031250e+01
6.775000000000000000e+01,7.030670166015625000e+01
6.837500000000000000e+01,7.062279510498046875e+01
6.788888549804687500e+01,7.087026977539062500e+01
6.775000000000000000e+01,7.050830078125000000e+01
6.744444274902343750e+01,7.023278045654296875e+01
6.712500000000000000e+01,7.013103485107421875e+01
6.562500000000000000e+01,7.021414184570312500e+01
6.700000000000000000e+01,7.009856414794921875e+01
6.750000000000000000e+01,6.995724487304687500e+01
6.700000000000000000e+01,6.960395812988281250e+01
6.566666412353515625e+01,6.882584381103515625e+01
6.575000000000000000e+01,6.786124420166015625e+01
6.611111450195312500e+01,6.699591827392578125e+01
6.412500000000000000e+01,6.605014038085937500e+01
6.800000000000000000e+01,6.525365447998046875e+01
6.650000000000000000e+01,6.456842041015625000e+01
6.655555725097656250e+01,6.396178054809570312e+01
6.637500000000000000e+01,6.330391311645507812e+01
6.475000000000000000e+01,6.322058105468750000e+01
6.666666412353515625e+01,6.307845687866210938e+01
6.477777862548828125e+01,6.231862640380859375e+01
6.588888549804687500e+01,6.270261764526367188e+01
6.625000000000000000e+01,6.249884796142578125e+01
6.300000000000000000e+01,6.223155212402343750e+01
6.562500000000000000e+01,6.191688537597656250e+01
6.455555725097656250e+01,6.052356338500976562e+01
6.244444656372070312e+01,6.032262802124023438e+01
6.462500000000000000e+01,6.002698516845703125e+01
6.233333206176757812e+01,5.997483444213867188e+01
6.562500000000000000e+01,6.030188751220703125e+01
6.287500000000000000e+01,5.827396392822265625e+01
6.466666412353515625e+01,5.896740341186523438e+01
9.982553592635667883e-07,5.926321411132812500e+01
9.982553592635667883e-07,5.857162857055664062e+01
9.982553592635667883e-07,5.861824798583984375e+01
9.982553592635667883e-07,5.843181610107421875e+01
9.982553592635667883e-07,5.902423858642578125e+01
9.982553592635667883e-07,5.983532333374023438e+01
9.982553592635667883e-07,6.080817413330078125e+01
9.982553592635667883e-07,3.753499221801757812e+01
9.982553592635667883e-07,3.526981735229492188e+01
9.982553592635667883e-07,3.316341781616210938e+01
6.500000000000000000e+01,3.147146034240722656e+01
6.362500000000000000e+01,3.006612205505371094e+01
6.600000000000000000e+01,2.888153266906738281e+01
6.900000000000000000e+01,2.784035491943359375e+01
6.475000000000000000e+01,2.691377449035644531e+01
6.400000000000000000e+01,2.600078773498535156e+01
6.500000000000000000e+01,2.511716270446777344e+01
6.562500000000000000e+01,3.270787048339843750e+01
6.285714340209960938e+01,4.122195434570312500e+01
6.211111068725585938e+01,4.957217788696289062e+01
6.350000000000000000e+01,5.654404067993164062e+01
6.362500000000000000e+01,6.115598297119140625e+01
6.366666793823242188e+01,6.410012817382812500e+01
6.325000000000000000e+01,6.603672027587890625e+01
6.388888931274414062e+01,6.692268371582031250e+01
6.187500000000000000e+01,6.751689147949218750e+01
6.522222137451171875e+01,6.760021209716796875e+01
6.350000000000000000e+01,6.782872772216796875e+01
6.322222137451171875e+01,6.734776306152343750e+01
6.287500000000000000e+01,6.725112915039062500e+01
6.422222137451171875e+01,6.720388793945312500e+01
6.350000000000000000e+01,6.715138244628906250e+01
6.555555725097656250e+01,6.716699218750000000e+01
6.412500000000000000e+01,6.739752197265625000e+01
6.500000000000000000e+01,6.783258056640625000e+01
6.266666793823242188e+01,6.810919952392578125e+01
6.400000000000000000e+01,6.831475067138671875e+01
6.512500000000000000e+01,6.848722839355468750e+01
6.233333206176757812e+01,6.856094360351562500e+01
6.312500000000000000e+01,6.852808380126953125e+01
6.512500000000000000e+01,6.870127105712890625e+01
6.350000000000000000e+01,6.908372497558593750e+01
6.550000000000000000e+01,6.893786621093750000e+01
6.387500000000000000e+01,6.858386230468750000e+01
6.433333587646484375e+01,6.866799926757812500e+01
6.422222137451171875e+01,6.887452697753906250e+01
6.387500000000000000e+01,6.888291931152343750e+01
6.412500000000000000e+01,6.931414031982421875e+01
6.155555725097656250e+01,6.910725402832031250e+01
6.411111450195312500e+01,6.871553802490234375e+01
6.240000152587890625e+01,6.871965789794921875e+01
6.200000000000000000e+01,6.886692810058593750e+01
9.982553592635667883e-07,6.876340484619140625e+01
9.982553592635667883e-07,6.887774658203125000e+01
9.982553592635667883e-07,6.924166870117187500e+01
9.982553592635667883e-07,6.934636688232421875e+01
6.425000000000000000e+01,6.503231048583984375e+01
6.222222137451171875e+01,6.566336059570312500e+01
6.225000000000000000e+01,6.594901275634765625e+01
6.277777862548828125e+01,6.567469787597656250e+01
6.033333206176757812e+01,6.588755798339843750e+01
6.612500000000000000e+01,6.666397094726562500e+01
6.637500000000000000e+01,6.724777221679687500e+01
6.600000000000000000e+01,6.770325469970703125e+01
6.562500000000000000e+01,6.799295806884765625e+01
6.300000000000000000e+01,6.743796539306640625e+01
6.375000000000000000e+01,6.727316284179687500e+01
6.712500000000000000e+01,6.725066375732421875e+01
6.333333206176757812e+01,6.724034118652343750e+01
6.537500000000000000e+01,6.801042938232421875e+01
6.711111450195312500e+01,6.912686157226562500e+01
6.675000000000000000e+01,6.931153869628906250e+01
6.433333587646484375e+01,6.945111083984375000e+01
6.662500000000000000e+01,6.935249328613281250e+01
6.662500000000000000e+01,6.956241607666015625e+01
6.700000000000000000e+01,7.006262969970703125e+01
6.675000000000000000e+01,7.024288940429687500e+01
6.762500000000000000e+01,7.035903930664062500e+01
6.777777862548828125e+01,7.066973876953125000e+01
6.762500000000000000e+01,7.114929199218750000e+01
6.785713958740234375e+01,7.115991210937500000e+01
6.737500000000000000e+01,7.141708374023437500e+01
6.844444274902343750e+01,7.163840484619140625e+01
6.655555725097656250e+01,7.156652832031250000e+01
6.875000000000000000e+01,7.163756561279296875e+01
6.762500000000000000e+01,7.174207305908203125e+01
6.787500000000000000e+01,7.180298614501953125e+01
6.811111450195312500e+01,7.178357696533203125e+01
6.750000000000000000e+01,7.179679107666015625e+01
6.766666412353515625e+01,7.149745178222656250e+01
6.700000000000000000e+01,7.138587951660156250e+01
6.812500000000000000e+01,7.102700042724609375e+01
6.650000000000000000e+01,7.070722198486328125e+01
6.725000000000000000e+01,7.028722381591796875e+01
6.725000000000000000e+01,6.976309967041015625e+01
6.737500000000000000e+01,6.909031677246093750e+01
6.725000000000000000e+01,6.782997894287109375e+01
6.685713958740234375e+01,6.678623962402343750e+01
6.750000000000000000e+01,6.591661834716796875e+01
6.733333587646484375e+01,6.530454254150390625e+01
6.675000000000000000e+01,6.461768341064453125e+01
6.777777862548828125e+01,6.406999206542968750e+01
6.725000000000000000e+01,6.345322799682617188e+01
6.800000000000000000e+01,6.325455474853515625e+01
6.850000000000000000e+01,6.243235778808593750e+01
6.733333587646484375e+01,6.251428985595703125e+01
6.687500000000000000e+01,6.222801971435546875e+01
6.637500000000000000e+01,6.263321304321289062e+01
6.487500000000000000e+01,6.287163162231445312e+01
6.712500000000000000e+01,6.318275451660156250e+01
6.511111450195312500e+01,6.320666122436523438e+01
6.600000000000000000e+01,6.297429275512695312e+01
6.450000000000000000e+01,6.310346984863281250e+01
6.625000000000000000e+01,6.295673751831054688e+01
6.483333587646484375e+01,6.240551376342773438e+01
6.655555725097656250e+01,6.176155853271484375e+01
6.737500000000000000e+01,6.128582000732421875e+01
6.687500000000000000e+01,6.068485260009765625e+01
6.575000000000000000e+01,6.040779113769531250e+01
6.525000000000000000e+01,6.040827178955078125e+01
6.287500000000000000e+01,6.090107727050781250e+01
6.700000000000000000e+01,6.193692016601562500e+01
6.562500000000000000e+01,6.346065521240234375e+01
6.433333587646484375e+01,6.454576110839843750e+01
6.737500000000000000e+01,6.589266967773437500e+01
6.725000000000000000e+01,6.684399414062500000e+01
6.675000000000000000e+01,6.719684600830078125e+01
6.466666412353515625e+01,6.803285980224609375e+01
6.600000000000000000e+01,6.829701995849609375e+01
6.737500000000000000e+01,6.873376464843750000e+01
6.377777862548828125e+01,6.911030578613281250e+01
6.500000000000000000e+01,6.941522979736328125e+01
6.477777862548828125e+01,6.963317108154296875e+01
6.437500000000000000e+01,7.008609771728515625e+01
6.455555725097656250e+01,7.032701110839843750e+01
6.425000000000000000e+01,7.041194152832031250e+01
6.575000000000000000e+01,7.049984741210937500e+01
6.387500000000000000e+01,7.089115905761718750e+01
6.655555725097656250e+01,7.067572784423828125e+01
6.587500000000000000e+01,7.057329559326171875e+01
6.512500000000000000e+01,7.057844543457031250e+01
6.312500000000000000e+01,7.035404205322265625e+01
6.622222137451171875e+01,7.031102752685546875e+01
6.362500000000000000e+01,7.049236297607421875e+01
6.444444274902343750e+01,7.065664672851562500e+01
6.387500000000000000e+01,7.044865417480468750e+01
6.400000000000000000e+01,7.080990600585937500e+01
6.344444274902343750e+01,7.072579956054687500e+01
6.362500000000000000e+01,7.064647674560546875e+01
6.288888931274414062e+01,7.033772277832031250e+01
6.200000000000000000e+01,7.007138061523437500e+01
9.982553592635667883e-07,7.024990844726562500e+01
9.982553592635667883e-07,7.038414001464843750e+01
9.982553592635667883e-07,7.056967926025390625e+01
9.982553592635667883e-07,7.011587524414062500e+01
9.982553592635667883e-07,6.999465179443359375e+01
9.982553592635667883e-07,6.997740173339843750e+01
9.982553592635667883e-07,7.017543029785156250e+01
9.982553592635667883e-07,7.012947082519531250e+01
9.982553592635667883e-07,4.419564056396484375e+01
6.162500000000000000e+01,3.857287979125976562e+01
6.275000000000000000e+01,3.538961410522460938e+01
6.277777862548828125e+01,3.340753173828125000e+01
6.325000000000000000e+01,3.184591484069824219e+01
6.514286041259765625e+01,3.047323417663574219e+01
6.237500000000000000e+01,2.916617012023925781e+01
6.300000000000000000e+01,2.798497390747070312e+01
6.200000000000000000e+01,2.672276496887207031e+01
6.211111068725585938e+01,3.395318984985351562e+01
6.300000000000000000e+01,4.368414688110351562e+01
6.266666793823242188e+01,5.257423400878906250e+01
6.512500000000000000e+01,5.932948303222656250e+01
6.512500000000000000e+01,6.366454315185546875e+01
6.377777862548828125e+01,6.634850311279296875e+01
6.550000000000000000e+01,6.804669189453125000e+01
6.150000000000000000e+01,6.883386230468750000e+01
6.325000000000000000e+01,6.901561737060546875e+01
6.566666412353515625e+01,6.918367004394531250e+01
6.387500000000000000e+01,6.884684753417968750e+01
6.550000000000000000e+01,6.925299835205078125e+01
6.385714340209960938e+01,6.944861602783203125e+01
6.375000000000000000e+01,6.910925292968750000e+01
6.655555725097656250e+01,6.809495544433593750e+01
6.500000000000000000e+01,6.695647430419921875e+01
6.437500000000000000e+01,6.624716186523437500e+01
6.337500000000000000e+01,6.590586853027343750e+01
6.511111450195312500e+01,6.613435363769531250e+01
6.537500000000000000e+01,6.687701416015625000e+01
6.377777862548828125e+01,6.667902374267578125e+01
6.312500000000000000e+01,6.663069152832031250e+01
6.350000000000000000e+01,6.676412963867187500e+01
6.375000000000000000e+01,6.734435272216796875e+01
6.412500000000000000e+01,6.779136657714843750e+01
6.188888931274414062e+01,6.762709045410156250e+01
6.412500000000000000e+01,6.719631195068359375e+01
6.337500000000000000e+01,6.693464660644531250e+01
6.444444274902343750e+01,6.627342987060546875e+01
6.462500000000000000e+01,6.603753662109375000e+01
6.225000000000000000e+01,6.586420440673828125e+01
6.362500000000000000e+01,6.564633941650390625e+01
6.433333587646484375e+01,6.588845062255859375e+01
6.562500000000000000e+01,6.662566375732421875e+01
6.255555725097656250e+01,6.721341705322265625e+01
6.433333587646484375e+01,6.750466918945312500e+01
6.175000000000000000e+01,6.757801055908203125e+01
6.311111068725585938e+01,6.783552551269531250e+01
6.100000000000000000e+01,6.752227783203125000e+01
6.225000000000000000e+01,6.717982482910156250e+01
6.166666793823242188e+01,6.539093780517578125e+01
4.262500000000000000e+01,6.482611846923828125e+01
4.522222137451171875e+01,6.442515563964843750e+01
5.275000000000000000e+01,6.392567443847656250e+01
6.411111450195312500e+01,6.249778366088867188e+01
6.125000000000000000e+01,5.975741195678710938e+01
6.362500000000000000e+01,5.511482238769531250e+01
6.100000000000000000e+01,5.078959655761718750e+01
4.600000000000000000e+01,4.726396179199218750e+01
2.975000000000000000e+01,4.559072113037109375e+01
3.688888931274414062e+01,4.460010528564453125e+01
4.500000000000000000e+01,4.359818649291992188e+01
6.300000000000000000e+01,4.284056472778320312e+01
6.577777862548828125e+01,4.256857299804687500e+01
6.500000000000000000e+01,4.272549819946289062e+01
6.655555725097656250e+01,4.268785476684570312e+01
6.737500000000000000e+01,4.324810028076171875e+01
6.225000000000000000e+01,4.345502853393554688e+01
6.888889312744140625e+01,4.332377624511718750e+01
6.812500000000000000e+01,4.351374816894531250e+01
6.562500000000000000e+01,4.445638656616210938e+01
6.662500000000000000e+01,4.545029449462890625e+01
6.825000000000000000e+01,4.561140823364257812e+01
6.842857360839843750e+01,4.580027008056640625e+01
6.750000000000000000e+01,4.734168243408203125e+01
6.750000000000000000e+01,4.974636077880859375e+01
6.811111450195312500e+01,5.214736938476562500e+01
6.775000000000000000e+01,5.453808212280273438e+01
6.875000000000000000e+01,5.630068206787109375e+01
6.912500000000000000e+01,5.771472930908203125e+01
6.875000000000000000e+01,5.947390747070312500e+01
6.811111450195312500e+01,6.109076690673828125e+01
6.887500000000000000e+01,6.316726303100585938e+01
6.700000000000000000e+01,6.466270446777343750e+01
6.762500000000000000e+01,6.671512603759765625e+01
6.675000000000000000e+01,6.861466217041015625e+01
6.877777862548828125e+01,7.005949401855468750e+01
6.737500000000000000e+01,7.125142669677734375e+01
6.655555725097656250e+01,7.241207885742187500e+01
6.812500000000000000e+01,7.336890411376953125e+01
6.400000000000000000e+01,7.405924987792968750e+01
6.628571319580078125e+01,7.423114776611328125e+01
6.588888549804687500e+01,7.436545562744140625e+01
6.633333587646484375e+01,7.425490570068359375e+01
6.800000000000000000e+01,7.407905578613281250e+01
6.677777862548828125e+01,7.372035217285156250e+01
6.587500000000000000e+01,7.364283752441406250e+01
6.625000000000000000e+01,7.367548370361328125e+01
6.500000000000000000e+01,7.345320892333984375e+01
6.612500000000000000e+01,7.347816467285156250e+01
6.511111450195312500e+01,7.360783386230468750e+01
6.700000000000000000e+01,7.377037811279296875e+01
6.722222137451171875e+01,7.377678680419921875e+01
6.537500000000000000e+01,7.374171447753906250e+01
6.437500000000000000e+01,7.370026397705078125e+01
6.722222137451171875e+01,7.343744659423828125e+01
6.700000000000000000e+01,7.327161407470703125e+01
6.633333587646484375e+01,7.256127166748046875e+01
6.537500000000000000e+01,7.289194488525390625e+01
6.555555725097656250e+01,7.326401519775390625e+01
6.612500000000000000e+01,7.364790344238281250e+01
6.712500000000000000e+01,7.344303131103515625e+01
6.077777862548828125e+01,7.315400695800781250e+01
6.500000000000000000e+01,7.350410461425781250e+01
6.466666412353515625e+01,7.363635253906250000e+01
6.262500000000000000e+01,7.344952392578125000e+01
6.500000000000000000e+01,7.307427215576171875e+01
6.087500000000000000e+01,7.301274108886718750e+01
6.512500000000000000e+01,7.254217529296875000e+01
6.155555725097656250e+01,7.244038391113281250e+01
6.500000000000000000e+01,7.195109558105468750e+01
6.512500000000000000e+01,7.241168212890625000e+01
6.300000000000000000e+01,7.249581146240234375e+01
6.366666793823242188e+01,7.242058563232421875e+01
6.387500000000000000e+01,7.266137695312500000e+01
6.733333587646484375e+01,7.243543243408203125e+01
6.100000000000000000e+01,7.239259338378906250e+01
6.212500000000000000e+01,7.228281402587890625e+01
6.500000000000000000e+01,7.233531188964843750e+01
6.222222137451171875e+01,7.242479705810546875e+01
6.066666793823242188e+01,7.205447387695312500e+01
6.300000000000000000e+01,7.167816925048828125e+01
5.344444274902343750e+01,7.176709747314453125e+01
6.387500000000000000e+01,7.220491790771484375e+01
6.175000000000000000e+01,7.155277252197265625e+01
6.244444656372070312e+01,7.153446960449218750e+01
6.437500000000000000e+01,6.924363708496093750e+01
5.444444274902343750e+01,6.698139953613281250e+01
5.525000000000000000e+01,6.597561645507812500e+01
6.312500000000000000e+01,6.492364501953125000e+01
6.150000000000000000e+01,6.344005584716796875e+01
6.150000000000000000e+01,6.439975738525390625e+01
6.577777862548828125e+01,6.547101593017578125e+01
6.662500000000000000e+01,6.637248992919921875e+01
6.337500000000000000e+01,6.728914642333984375e+01
6.400000000000000000e+01,6.629911804199218750e+01
6.711111450195312500e+01,6.504951477050781250e+01
6.087500000000000000e+01,6.547265625000000000e+01
5.811111068725585938e+01,6.572743988037109375e+01
6.225000000000000000e+01,6.532944488525390625e+01
4.862500000000000000e+01,6.604196166992187500e+01
6.075000000000000000e+01,6.646327209472656250e+01
6.100000000000000000e+01,6.665686035156250000e+01
5.300000000000000000e+01,6.610137176513671875e+01
6.733333587646484375e+01,6.654508209228515625e+01
6.400000000000000000e+01,6.603916168212890625e+01
6.075000000000000000e+01,6.514685058593750000e+01
6.157143020629882812e+01,6.473847961425781250e+01
5.987500000000000000e+01,6.329064178466796875e+01
6.112500000000000000e+01,6.326209259033203125e+01
5.900000000000000000e+01,6.279071807861328125e+01
5.487500000000000000e+01,6.141167831420898438e+01
6.100000000000000000e+01,6.357183074951171875e+01
6.144444274902343750e+01,6.416613006591796875e+01
5.557143020629882812e+01,6.389668655395507812e+01
6.100000000000000000e+01,6.492892456054687500e+01
5.487500000000000000e+01,6.482854461669921875e+01
5.811111068725585938e+01,6.472305297851562500e+01
5.850000000000000000e+01,6.471304321289062500e+01
5.266666793823242188e+01,6.285705566406250000e+01
6.075000000000000000e+01,6.177925109863281250e+01
5.400000000000000000e+01,6.111354446411132812e+01
5.950000000000000000e+01,5.903028106689453125e+01
6.366666793823242188e+01,5.875833129882812500e+01
5.325000000000000000e+01,5.809897994995117188e+01
6.016666793823242188e+01,5.756911849975585938e+01
5.966666793823242188e+01,5.693275451660156250e+01
6.000000000000000000e+01,5.746901702880859375e+01
6.012500000000000000e+01,5.861655044555664062e+01
6.312500000000000000e+01,5.978793334960937500e+01
6.111111068725585938e+01,6.194050598144531250e+01
5.600000000000000000e+01,6.303113937377929688e+01
6.277777862548828125e+01,6.208098220825195312e+01
6.187500000000000000e+01,6.150181198120117188e+01
6.188888931274414062e+01,6.130221939086914062e+01
6.525000000000000000e+01,6.075293350219726562e+01
5.688888931274414062e+01,6.103075790405273438e+01
6.325000000000000000e+01,6.222541809082031250e+01
5.955555725097656250e+01,6.270528793334960938e+01
5.975000000000000000e+01,6.333293914794921875e+01
6.200000000000000000e+01,6.369280242919921875e+01
6.425000000000000000e+01,6.482487487792968750e+01
6.122222137451171875e+01,6.466529846191406250e+01
6.150000000000000000e+01,6.518399810791015625e+01
6.400000000000000000e+01,6.446845245361328125e+01
6.312500000000000000e+01,6.446908569335937500e+01
6.411111450195312500e+01,6.531127166748046875e+01
6.375000000000000000e+01,6.527133941650390625e+01
6.562500000000000000e+01,6.598461914062500000e+01
6.544444274902343750e+01,6.699356079101562500e+01
6.450000000000000000e+01,6.758112335205078125e+01
6.387500000000000000e+01,6.799241638183593750e+01
6.677777862548828125e+01,6.897386932373046875e+01
6.487500000000000000e+01,6.971504211425781250e+01
6.450000000000000000e+01,7.035454559326171875e+01
6.622222137451171875e+01,7.045606994628906250e+01
6.475000000000000000e+01,7.098668670654296875e+01
6.757142639160156250e+01,7.108225250244140625e+01
6.687500000000000000e+01,7.134252166748046875e+01
6.455555725097656250e+01,7.140742492675781250e+01
6.762500000000000000e+01,7.127283477783203125e+01
6.777777862548828125e+01,7.104685211181640625e+01
6.850000000000000000e+01,7.087646484375000000e+01
6.775000000000000000e+01,7.097019195556640625e+01
6.837500000000000000e+01,7.097727966308593750e+01
6.788888549804687500e+01,7.124370574951171875e+01
6.775000000000000000e+01,7.147216033935546875e+01
6.744444274902343750e+01,7.110605621337890625e+01
6.712500000000000000e+01,7.083216857910156250e+01
6.562500000000000000e+01,7.071497344970703125e+01
6.700000000000000000e+01,7.077721405029296875e+01
6.750000000000000000e+01,7.065415954589843750e+01
6.700000000000000000e+01,7.049074554443359375e+01
6.566666412353515625e+01,7.008848571777343750e+01
6.575000000000000000e+01,6.924159240722656250e+01
6.611111450195312500e+01,6.825879669189453125e+01
6.412500000000000000e+01,6.735604095458984375e+01
6.800000000000000000e+01,6.637939453125000000e+01
6.650000000000000000e+01,6.557589721679687500e+01
6.655555725097656250e+01,6.492537689208984375e+01
6.637500000000000000e+01,6.430728149414062500e+01
6.475000000000000000e+01,6.366817855834960938e+01
6.666666412353515625e+01,6.361909866333007812e+01
6.477777862548828125e+01,6.352864837646484375e+01
6.588888549804687500e+01,6.281596374511718750e+01
6.625000000000000000e+01,6.313959121704101562e+01
6.300000000000000000e+01,6.295164108276367188e+01
6.562500000000000000e+01,6.270200729370117188e+01
6.455555725097656250e+01,6.240523147583007812e+01
6.244444656372070312e+01,6.105635833740234375e+01
6.462500000000000000e+01,6.085901260375976562e+01
6.233333206176757812e+01,6.054510116577148438e+01
6.562500000000000000e+01,6.050379180908203125e+01
6.287500000000000000e+01,6.083769607543945312e+01
6.466666412353515625e+01,5.886720275878906250e+01
9.982553592635667883e-07,5.953744506835937500e+01
9.982553592635667883e-07,5.979401397705078125e+01
9.982553592635667883e-07,5.910807418823242188e+01
9.982553592635667883e-07,5.916526412963867188e+01
9.982553592635667883e-07,5.902462387084960938e+01
9.982553592635667883e-07,5.966839218139648438e+01
9.982553592635667883e-07,6.045652008056640625e+01
9.982553592635667883e-07,6.145228958129882812e+01
9.982553592635667883e-07,3.702336502075195312e+01
9.982553592635667883e-07,3.425915908813476562e+01
6.500000000000000000e+01,3.195077323913574219e+01
6.362500000000000000e+01,3.018417930603027344e+01
6.600000000000000000e+01,2.875930023193359375e+01
6.900000000000000000e+01,2.758810043334960938e+01
6.475000000000000000e+01,2.658746147155761719e+01
6.400000000000000000e+01,2.572114562988281250e+01
6.500000000000000000e+01,2.488799476623535156e+01
6.562500000000000000e+01,2.411811828613281250e+01
6.285714340209960938e+01,3.092730331420898438e+01
6.211111068725585938e+01,3.970078659057617188e+01
6.350000000000000000e+01,4.915197753906250000e+01
6.362500000000000000e+01,5.699443435668945312e+01
6.366666793823242188e+01,6.191240692138671875e+01
6.325000000000000000e+01,6.495710754394531250e+01
6.388888931274414062e+01,6.689511108398437500e+01
6.187500000000000000e+01,6.779872894287109375e+01
6.522222137451171875e+01,6.844077301025390625e+01
6.350000000000000000e+01,6.853163146972656250e+01
6.322222137451171875e+01,6.873983764648437500e+01
6.287500000000000000e+01,6.818695831298828125e+01
6.422222137451171875e+01,6.808628082275390625e+01
6.350000000000000000e+01,6.806982421875000000e+01
6.555555725097656250e+01,6.804033660888671875e+01
6.412500000000000000e+01,6.808729553222656250e+01
6.500000000000000000e+01,6.831907653808593750e+01
6.266666793823242188e+01,6.873453521728515625e+01
6.400000000000000000e+01,6.901527404785156250e+01
6.512500000000000000e+01,6.923057556152343750e+01
6.233333206176757812e+01,6.941207885742187500e+01
6.312500000000000000e+01,6.948516845703125000e+01
6.512500000000000000e+01,6.947038269042968750e+01
6.350000000000000000e+01,6.961840057373046875e+01
6.550000000000000000e+01,6.997368621826171875e+01
6.387500000000000000e+01,6.982755279541015625e+01
6.433333587646484375e+01,6.946560668945312500e+01
6.422222137451171875e+01,6.953044128417968750e+01
6.387500000000000000e+01,6.972377777099609375e+01
6.412500000000000000e+01,6.972643280029296875e+01
6.155555725097656250e+01,7.013019561767578125e+01
6.411111450195312500e+01,6.991751098632812500e+01
6.240000152587890625e+01,6.955730438232421875e+01
6.200000000000000000e+01,6.953621673583984375e+01
9.982553592635667883e-07,6.966644287109375000e+01
9.982553592635667883e-07,6.956497192382812500e+01
9.982553592635667883e-07,6.968298339843750000e+01
9.982553592635667883e-07,7.002585601806640625e+01
9.982553592635667883e-07,7.013141632080078125e+01
6.222222137451171875e+01,6.564734649658203125e+01
6.225000000000000000e+01,6.626187896728515625e+01
6.277777862548828125e+01,6.653717803955078125e+01
6.033333206176757812e+01,6.626719665527343750e+01
6.612500000000000000e+01,6.647737884521484375e+01
6.637500000000000000e+01,6.725217437744140625e+01
6.600000000000000000e+01,6.783654785156250000e+01
6.562500000000000000e+01,6.830538177490234375e+01
6.300000000000000000e+01,6.858164215087890625e+01
6.375000000000000000e+01,6.809136199951171875e+01
6.712500000000000000e+01,6.791214752197265625e+01
6.333333206176757812e+01,6.786869812011718750e+01
6.537500000000000000e+01,6.787190246582031250e+01
6.711111450195312500e+01,6.862113189697265625e+01
6.675000000000000000e+01,6.967775726318359375e+01
6.433333587646484375e+01,6.984185791015625000e+01
6.662500000000000000e+01,6.996549224853515625e+01
6.662500000000000000e+01,6.990593719482421875e+01
6.700000000000000000e+01,7.012143707275390625e+01
6.675000000000000000e+01,7.060707855224609375e+01
6.762500000000000000e+01,7.079140472412109375e+01
6.777777862548828125e+01,7.088734436035156250e+01
6.762500000000000000e+01,7.118413543701171875e+01
6.785713958740234375e+01,7.163986968994140625e+01
6.737500000000000000e+01,7.165757751464843750e+01
6.844444274902343750e+01,7.191410064697265625e+01
6.655555725097656250e+01,7.214465332031250000e+01
6.875000000000000000e+01,7.205148315429687500e+01
6.762500000000000000e+01,7.210836791992187500e+01
6.787500000000000000e+01,7.218717956542968750e+01
6.811111450195312500e+01,7.221318054199218750e+01
6.750000000000000000e+01,7.216361999511718750e+01
6.766666412353515625e+01,7.215274810791015625e+01
6.700000000000000000e+01,7.186715698242187500e+01
6.812500000000000000e+01,7.174918365478515625e+01
6.650000000000000000e+01,7.139405059814453125e+01
6.725000000000000000e+01,7.106019592285156250e+01
6.725000000000000000e+01,7.062767028808593750e+01
6.737500000000000000e+01,7.009114074707031250e+01
6.725000000000000000e+01,6.941447448730468750e+01
6.685713958740234375e+01,6.816813659667968750e+01
6.750000000000000000e+01,6.712374877929687500e+01
6.733333587646484375e+01,6.624891662597656250e+01
6.675000000000000000e+01,6.564001464843750000e+01
6.777777862548828125e+01,6.496931457519531250e+01
6.725000000000000000e+01,6.443622589111328125e+01
6.800000000000000000e+01,6.383399963378906250e+01
6.850000000000000000e+01,6.363439559936523438e+01
6.733333587646484375e+01,6.283795547485351562e+01
6.687500000000000000e+01,6.291940307617187500e+01
6.637500000000000000e+01,6.264622879028320312e+01
6.487500000000000000e+01,6.307230377197265625e+01
6.712500000000000000e+01,6.332315444946289062e+01
6.511111450195312500e+01,6.366666030883789062e+01
6.600000000000000000e+01,6.365909194946289062e+01
6.450000000000000000e+01,6.343324279785156250e+01
6.625000000000000000e+01,6.351519012451171875e+01
6.483333587646484375e+01,6.330184173583984375e+01
6.655555725097656250e+01,6.270939254760742188e+01
6.737500000000000000e+01,6.206319046020507812e+01
6.687500000000000000e+01,6.162957000732421875e+01
6.575000000000000000e+01,6.109728622436523438e+01
6.525000000000000000e+01,6.086765289306640625e+01
6.287500000000000000e+01,6.088628005981445312e+01
6.700000000000000000e+01,6.145566177368164062e+01
6.562500000000000000e+01,6.258398056030273438e+01
6.433333587646484375e+01,6.411483764648437500e+01
6.737500000000000000e+01,6.521514129638671875e+01
6.725000000000000000e+01,6.655474090576171875e+01
6.675000000000000000e+01,6.745912933349609375e+01
6.466666412353515625e+01,6.783981323242187500e+01
6.600000000000000000e+01,6.866256713867187500e+01
6.737500000000000000e+01,6.894161987304687500e+01
6.377777862548828125e+01,6.938182067871093750e+01
6.500000000000000000e+01,6.974732208251953125e+01
6.477777862548828125e+01,7.005818939208984375e+01
6.437500000000000000e+01,7.027304077148437500e+01
6.455555725097656250e+01,7.071501159667968750e+01
6.425000000000000000e+01,7.094031524658203125e+01
6.575000000000000000e+01,7.104113006591796875e+01
6.387500000000000000e+01,7.113369750976562500e+01
6.655555725097656250e+01,7.148167419433593750e+01
6.587500000000000000e+01,7.129272460937500000e+01
6.512500000000000000e+01,7.120821380615234375e+01
6.312500000000000000e+01,7.123533630371093750e+01
6.622222137451171875e+01,7.101449584960937500e+01
6.362500000000000000e+01,7.096729278564453125e+01
6.444444274902343750e+01,7.113376617431640625e+01
6.387500000000000000e+01,7.129662322998046875e+01
6.400000000000000000e+01,7.108680725097656250e+01
6.344444274902343750e+01,7.142062377929687500e+01
6.362500000000000000e+01,7.134484863281250000e+01
6.288888931274414062e+01,7.124883270263671875e+01
6.200000000000000000e+01,7.096672821044921875e+01
9.982553592635667883e-07,7.071736907958984375e+01
9.982553592635667883e-07,7.088659667968750000e+01
9.982553592635667883e-07,7.099980163574218750e+01
9.982553592635667883e-07,7.118535614013671875e+01
9.982553592635667883e-07,7.072309875488281250e+01
9.982553592635667883e-07,7.066665649414062500e+01
9.982553592635667883e-07,7.066164398193359375e+01
9.982553592635667883e-07,7.082856750488281250e+01
9.982553592635667883e-07,7.078562164306640625e+01
6.162500000000000000e+01,4.388776016235351562e+01
6.275000000000000000e+01,3.808631134033203125e+01
6.277777862548828125e+01,3.477779388427734375e+01
6.325000000000000000e+01,3.273825454711914062e+01
6.514286041259765625e+01,3.115696334838867188e+01
6.237500000000000000e+01,2.979239845275878906e+01
6.300000000000000000e+01,2.851662635803222656e+01
6.200000000000000000e+01,2.738336181640625000e+01
6.211111068725585938e+01,2.619884872436523438e+01
6.300000000000000000e+01,3.271411514282226562e+01
6.266666793823242188e+01,4.287850189208984375e+01
6.512500000000000000e+01,5.283528137207031250e+01
6.512500000000000000e+01,6.011808776855468750e+01
6.377777862548828125e+01,6.447496032714843750e+01
6.550000000000000000e+01,6.709483337402343750e+01
6.150000000000000000e+01,6.875301361083984375e+01
6.325000000000000000e+01,6.957533264160156250e+01
6.566666412353515625e+01,6.982317352294921875e+01
6.387500000000000000e+01,7.002063751220703125e+01
6.550000000000000000e+01,6.969489288330078125e+01
6.385714340209960938e+01,6.997088623046875000e+01
6.375000000000000000e+01,7.014125061035156250e+01
6.655555725097656250e+01,6.985315704345703125e+01
6.500000000000000000e+01,6.896104431152343750e+01
6.437500000000000000e+01,6.791468048095703125e+01
6.337500000000000000e+01,6.722209930419921875e+01
6.511111450195312500e+01,6.690775299072265625e+01
6.537500000000000000e+01,6.707341003417968750e+01
6.377777862548828125e+01,6.774038696289062500e+01
6.312500000000000000e+01,6.756808471679687500e+01
6.350000000000000000e+01,6.751869201660156250e+01
6.375000000000000000e+01,6.761026763916015625e+01
6.412500000000000000e+01,6.807603454589843750e+01
6.188888931274414062e+01,6.844561767578125000e+01
6.412500000000000000e+01,6.832499694824218750e+01
6.337500000000000000e+01,6.798533630371093750e+01
6.444444274902343750e+01,6.776523590087890625e+01
6.462500000000000000e+01,6.711631011962890625e+01
6.225000000000000000e+01,6.687338256835937500e+01
6.362500000000000000e+01,6.670562744140625000e+01
6.433333587646484375e+01,6.649919128417968750e+01
6.562500000000000000e+01,6.670190429687500000e+01
6.255555725097656250e+01,6.735230255126953125e+01
6.433333587646484375e+01,6.787615203857421875e+01
6.175000000000000000e+01,6.811484527587890625e+01
6.311111068725585938e+01,6.821861267089843750e+01
6.100000000000000000e+01,6.846714782714843750e+01
6.225000000000000000e+01,6.821345520019531250e+01
6.166666793823242188e+01,6.789305114746093750e+01
4.262500000000000000e+01,6.626000976562500000e+01
4.522222137451171875e+01,6.575981140136718750e+01
5.275000000000000000e+01,6.537616729736328125e+01
6.411111450195312500e+01,6.483165740966796875e+01
6.125000000000000000e+01,6.337268447875976562e+01
6.362500000000000000e+01,6.068317794799804688e+01
6.100000000000000000e+01,5.602715301513671875e+01
4.600000000000000000e+01,5.148033905029296875e+01
2.975000000000000000e+01,4.771995162963867188e+01
3.688888931274414062e+01,4.569819259643554688e+01
4.500000000000000000e+01,4.445483779907226562e+01
6.300000000000000000e+01,4.336274719238281250e+01
6.577777862548828125e+01,4.248886489868164062e+01
6.500000000000000000e+01,4.218741226196289062e+01
6.655555725097656250e+01,4.229748153686523438e+01
6.737500000000000000e+01,4.220695114135742188e+01
6.225000000000000000e+01,4.275458908081054688e+01
6.888889312744140625e+01,4.289085388183593750e+01
6.812500000000000000e+01,4.272927474975585938e+01
6.562500000000000000e+01,4.293295669555664062e+01
6.662500000000000000e+01,4.399140548706054688e+01
6.825000000000000000e+01,4.511425781250000000e+01
6.842857360839843750e+01,4.532859802246093750e+01
6.750000000000000000e+01,4.560866165161132812e+01
6.750000000000000000e+01,4.726117324829101562e+01
6.811111450195312500e+01,4.990467071533203125e+01
6.775000000000000000e+01,5.256567001342773438e+01
6.875000000000000000e+01,5.512654113769531250e+01
6.912500000000000000e+01,5.684312438964843750e+01
6.875000000000000000e+01,5.830905151367187500e+01
6.811111450195312500e+01,6.021706008911132812e+01
6.887500000000000000e+01,6.191855621337890625e+01
6.700000000000000000e+01,6.408123016357421875e+01
6.762500000000000000e+01,6.562339782714843750e+01
6.675000000000000000e+01,6.759251403808593750e+01
6.877777862548828125e+01,6.940210723876953125e+01
6.737500000000000000e+01,7.078001403808593750e+01
6.655555725097656250e+01,7.188223266601562500e+01
6.812500000000000000e+01,7.297122955322265625e+01
6.400000000000000000e+01,7.388962554931640625e+01
6.628571319580078125e+01,7.455079650878906250e+01
6.588888549804687500e+01,7.473448181152343750e+01
6.633333587646484375e+01,7.485938262939453125e+01
6.800000000000000000e+01,7.477411651611328125e+01
6.677777862548828125e+01,7.459671020507812500e+01
6.587500000000000000e+01,7.425302886962890625e+01
6.625000000000000000e+01,7.419344329833984375e+01
6.500000000000000000e+01,7.421685791015625000e+01
6.612500000000000000e+01,7.401040649414062500e+01
6.511111450195312500e+01,7.404963684082031250e+01
6.700000000000000000e+01,7.417126464843750000e+01
6.722222137451171875e+01,7.431417083740234375e+01
6.537500000000000000e+01,7.432589721679687500e+01
6.437500000000000000e+01,7.429014587402343750e+01
6.722222137451171875e+01,7.426295471191406250e+01
6.700000000000000000e+01,7.399842071533203125e+01
6.633333587646484375e+01,7.384532165527343750e+01
6.537500000000000000e+01,7.319237518310546875e+01
6.555555725097656250e+01,7.348500061035156250e+01
6.612500000000000000e+01,7.383060455322265625e+01
6.712500000000000000e+01,7.419684600830078125e+01
6.077777862548828125e+01,7.399275970458984375e+01
6.500000000000000000e+01,7.373427581787109375e+01
6.466666412353515625e+01,7.406114959716796875e+01
6.262500000000000000e+01,7.420226287841796875e+01
6.500000000000000000e+01,7.401325225830078125e+01
6.087500000000000000e+01,7.365894317626953125e+01
6.512500000000000000e+01,7.360137939453125000e+01
6.155555725097656250e+01,7.316271209716796875e+01
6.500000000000000000e+01,7.303377532958984375e+01
6.512500000000000000e+01,7.262506103515625000e+01
6.300000000000000000e+01,7.305991363525390625e+01
6.366666793823242188e+01,7.314429473876953125e+01
6.387500000000000000e+01,7.308203125000000000e+01
6.733333587646484375e+01,7.328453063964843750e+01
6.100000000000000000e+01,7.307542419433593750e+01
6.212500000000000000e+01,7.303912353515625000e+01
6.500000000000000000e+01,7.295444488525390625e+01
6.222222137451171875e+01,7.300023651123046875e+01
6.066666793823242188e+01,7.307958221435546875e+01
6.300000000000000000e+01,7.270729064941406250e+01
5.344444274902343750e+01,7.235229492187500000e+01
6.387500000000000000e+01,7.244824981689453125e+01
6.175000000000000000e+01,7.282144165039062500e+01
6.244444656372070312e+01,7.223593139648437500e+01
6.437500000000000000e+01,7.221476745605468750e+01
5.444444274902343750e+01,7.007337188720703125e+01
5.525000000000000000e+01,6.789076232910156250e+01
6.312500000000000000e+01,6.685903167724609375e+01
6.150000000000000000e+01,6.571566009521484375e+01
6.150000000000000000e+01,6.424611663818359375e+01
6.577777862548828125e+01,6.514610290527343750e+01
6.662500000000000000e+01,6.616222381591796875e+01
6.337500000000000000e+01,6.703797149658203125e+01
6.400000000000000000e+01,6.789302062988281250e+01
6.711111450195312500e+01,6.690163421630859375e+01
6.087500000000000000e+01,6.567240142822265625e+01
5.811111068725585938e+01,6.601351928710937500e+01
6.225000000000000000e+01,6.619094848632812500e+01
4.862500000000000000e+01,6.581148529052734375e+01
6.075000000000000000e+01,6.650280761718750000e+01
6.100000000000000000e+01,6.683312988281250000e+01
5.300000000000000000e+01,6.702787780761718750e+01
6.733333587646484375e+01,6.647742462158203125e+01
6.400000000000000000e+01,6.688951873779296875e+01
6.075000000000000000e+01,6.641740417480468750e+01
6.157143020629882812e+01,6.554348754882812500e+01
5.987500000000000000e+01,6.519007110595703125e+01
6.112500000000000000e+01,6.384240722656250000e+01
5.900000000000000000e+01,6.379359054565429688e+01
5.487500000000000000e+01,6.333499908447265625e+01
6.100000000000000000e+01,6.199717712402343750e+01
6.144444274902343750e+01,6.413896942138671875e+01
5.557143020629882812e+01,6.469747924804687500e+01
6.100000000000000000e+01,6.441707611083984375e+01
5.487500000000000000e+01,6.546241760253906250e+01
5.811111068725585938e+01,6.536521911621093750e+01
5.850000000000000000e+01,6.527499389648437500e+01
5.266666793823242188e+01,6.526031494140625000e+01
6.075000000000000000e+01,6.338644027709960938e+01
5.400000000000000000e+01,6.227713012695312500e+01
5.950000000000000000e+01,6.153730392456054688e+01
6.366666793823242188e+01,5.947402572631835938e+01
5.325000000000000000e+01,5.914759063720703125e+01
6.016666793823242188e+01,5.846933746337890625e+01
5.966666793823242188e+01,5.789389419555664062e+01
6.000000000000000000e+01,5.737057876586914062e+01
6.012500000000000000e+01,5.794656753540039062e+01
6.312500000000000000e+01,5.912115859985351562e+01
6.111111068725585938e+01,6.044498825073242188e+01
5.600000000000000000e+01,6.261410140991210938e+01
6.277777862548828125e+01,6.368568801879882812e+01
6.187500000000000000e+01,6.275257110595703125e+01
6.188888931274414062e+01,6.214921188354492188e+01
6.525000000000000000e+01,6.194270706176757812e+01
5.688888931274414062e+01,6.139020919799804688e+01
6.325000000000000000e+01,6.167213439941406250e+01
5.955555725097656250e+01,6.288145828247070312e+01
5.975000000000000000e+01,6.335127639770507812e+01
6.200000000000000000e+01,6.396744537353515625e+01
6.425000000000000000e+01,6.436746978759765625e+01
6.122222137451171875e+01,6.548645019531250000e+01
6.150000000000000000e+01,6.533552551269531250e+01
6.400000000000000000e+01,6.582785797119140625e+01
6.312500000000000000e+01,6.515121459960937500e+01
6.411111450195312500e+01,6.514425659179687500e+01
6.375000000000000000e+01,6.595254516601562500e+01
6.562500000000000000e+01,6.592453002929687500e+01
6.544444274902343750e+01,6.664562225341796875e+01
6.450000000000000000e+01,6.759301757812500000e+01
6.387500000000000000e+01,6.819897460937500000e+01
6.677777862548828125e+01,6.863626098632812500e+01
6.487500000000000000e+01,6.959645080566406250e+01
6.450000000000000000e+01,7.032044982910156250e+01
6.622222137451171875e+01,7.094174957275390625e+01
6.475000000000000000e+01,7.104723358154296875e+01
6.757142639160156250e+01,7.154262542724609375e+01
6.687500000000000000e+01,7.161750030517578125e+01
6.455555725097656250e+01,7.187676239013671875e+01
6.762500000000000000e+01,7.193206024169921875e+01
6.777777862548828125e+01,7.179785919189453125e+01
6.850000000000000000e+01,7.157810974121093750e+01
6.775000000000000000e+01,7.142226409912109375e+01
6.837500000000000000e+01,7.148332977294921875e+01
6.788888549804687500e+01,7.148091125488281250e+01
6.775000000000000000e+01,7.169941711425781250e+01
6.744444274902343750e+01,7.190576171875000000e+01
6.712500000000000000e+01,7.154396820068359375e+01
6.562500000000000000e+01,7.127311706542968750e+01
6.700000000000000000e+01,7.114514923095703125e+01
6.750000000000000000e+01,7.118879699707031250e+01
6.700000000000000000e+01,7.106351470947265625e+01
6.566666412353515625e+01,7.088231658935546875e+01
6.575000000000000000e+01,7.044654846191406250e+01
6.611111450195312500e+01,6.954866790771484375e+01
6.412500000000000000e+01,6.855770111083984375e+01
6.800000000000000000e+01,6.763319396972656250e+01
6.650000000000000000e+01,6.664874267578125000e+01
6.655555725097656250e+01,6.586196136474609375e+01
6.637500000000000000e+01,6.525518798828125000e+01
6.475000000000000000e+01,6.463718414306640625e+01
6.666666412353515625e+01,6.402962493896484375e+01
6.477777862548828125e+01,6.401445770263671875e+01
6.588888549804687500e+01,6.397477722167968750e+01
6.625000000000000000e+01,6.332329940795898438e+01
6.300000000000000000e+01,6.359893417358398438e+01
6.562500000000000000e+01,6.343893432617187500e+01
6.455555725097656250e+01,6.322039794921875000e+01
6.244444656372070312e+01,6.295462036132812500e+01
6.462500000000000000e+01,6.166488265991210938e+01
6.233333206176757812e+01,6.146907806396484375e+01
6.562500000000000000e+01,6.114356613159179688e+01
6.287500000000000000e+01,6.111409759521484375e+01
6.466666412353515625e+01,6.145504760742187500e+01
9.982553592635667883e-07,5.956423568725585938e+01
9.982553592635667883e-07,6.020387268066406250e+01
9.982553592635667883e-07,6.042337417602539062e+01
9.982553592635667883e-07,5.974574279785156250e+01
9.982553592635667883e-07,5.980927658081054688e+01
9.982553592635667883e-07,5.970896911621093750e+01
9.982553592635667883e-07,6.038932037353515625e+01
9.982553592635667883e-07,6.113650894165039062e+01
9.982553592635667883e-07,6.213097763061523438e+01
9.982553592635667883e-07,3.662207031250000000e+01
6.500000000000000000e+01,3.344449615478515625e+01
6.362500000000000000e+01,3.102188301086425781e+01
6.600000000000000000e+01,2.926331520080566406e+01
6.900000000000000000e+01,2.789187622070312500e+01
6.475000000000000000e+01,2.679407882690429688e+01
6.400000000000000000e+01,2.588089942932128906e+01
6.500000000000000000e+01,2.511056327819824219e+01
6.562500000000000000e+01,2.438467407226562500e+01
6.285714340209960938e+01,2.374662780761718750e+01
6.211111068725585938e+01,2.970843696594238281e+01
6.350000000000000000e+01,3.851837539672851562e+01
6.362500000000000000e+01,4.897021484375000000e+01
6.366666793823242188e+01,5.760890197753906250e+01
6.325000000000000000e+01,6.272020721435546875e+01
6.388888931274414062e+01,6.577216339111328125e+01
6.187500000000000000e+01,6.766200256347656250e+01
6.522222137451171875e+01,6.855938720703125000e+01
6.350000000000000000e+01,6.922792053222656250e+01
6.322222137451171875e+01,6.933058166503906250e+01
6.287500000000000000e+01,6.951901245117187500e+01
6.422222137451171875e+01,6.891066741943359375e+01
6.350000000000000000e+01,6.880424499511718750e+01
6.555555725097656250e+01,6.881471252441406250e+01
6.412500000000000000e+01,6.880165100097656250e+01
6.500000000000000000e+01,6.886917114257812500e+01
6.266666793823242188e+01,6.909243774414062500e+01
6.400000000000000000e+01,6.948182678222656250e+01
6.512500000000000000e+01,6.975669097900390625e+01
6.233333206176757812e+01,6.997330474853515625e+01
6.312500000000000000e+01,7.015750122070312500e+01
6.512500000000000000e+01,7.022976684570312500e+01
6.350000000000000000e+01,7.023537445068359375e+01
6.550000000000000000e+01,7.036339569091796875e+01
6.387500000000000000e+01,7.068869018554687500e+01
6.433333587646484375e+01,7.055091857910156250e+01
6.422222137451171875e+01,7.019045257568359375e+01
6.387500000000000000e+01,7.023735046386718750e+01
6.412500000000000000e+01,7.041500854492187500e+01
6.155555725097656250e+01,7.041518402099609375e+01
6.411111450195312500e+01,7.078173828125000000e+01
6.240000152587890625e+01,7.056771850585937500e+01
6.200000000000000000e+01,7.023615264892578125e+01
9.982553592635667883e-07,7.019378662109375000e+01
9.982553592635667883e-07,7.030457305908203125e+01
9.982553592635667883e-07,7.020889282226562500e+01
9.982553592635667883e-07,7.033038330078125000e+01
9.982553592635667883e-07,7.064665985107421875e+01
9.982553592635667883e-07,7.075411987304687500e+01
6.225000000000000000e+01,6.621068572998046875e+01
6.277777862548828125e+01,6.679936981201171875e+01
6.033333206176757812e+01,6.706149291992187500e+01
6.612500000000000000e+01,6.679561614990234375e+01
6.637500000000000000e+01,6.699576568603515625e+01
6.600000000000000000e+01,6.775603485107421875e+01
6.562500000000000000e+01,6.833518981933593750e+01
6.300000000000000000e+01,6.880455017089843750e+01
6.375000000000000000e+01,6.906392669677734375e+01
6.712500000000000000e+01,6.863713836669921875e+01
6.333333206176757812e+01,6.844663238525390625e+01
6.537500000000000000e+01,6.838315582275390625e+01
6.711111450195312500e+01,6.839570617675781250e+01
6.675000000000000000e+01,6.910831451416015625e+01
6.433333587646484375e+01,7.009722137451171875e+01
6.662500000000000000e+01,7.024551391601562500e+01
6.662500000000000000e+01,7.035292816162109375e+01
6.700000000000000000e+01,7.032773590087890625e+01
6.675000000000000000e+01,7.054502105712890625e+01
6.762500000000000000e+01,7.100634765625000000e+01
6.777777862548828125e+01,7.119128417968750000e+01
6.762500000000000000e+01,7.126184082031250000e+01
6.785713958740234375e+01,7.154447174072265625e+01
6.737500000000000000e+01,7.197113800048828125e+01
6.844444274902343750e+01,7.199469757080078125e+01
6.655555725097656250e+01,7.224202728271484375e+01
6.875000000000000000e+01,7.247419738769531250e+01
6.762500000000000000e+01,7.236718750000000000e+01
6.787500000000000000e+01,7.240855407714843750e+01
6.811111450195312500e+01,7.246159362792968750e+01
6.750000000000000000e+01,7.245248413085937500e+01
6.766666412353515625e+01,7.237623596191406250e+01
6.700000000000000000e+01,7.234223175048828125e+01
6.812500000000000000e+01,7.207201385498046875e+01
6.650000000000000000e+01,7.194943237304687500e+01
6.725000000000000000e+01,7.160222625732421875e+01
6.725000000000000000e+01,7.125831604003906250e+01
6.737500000000000000e+01,7.081952667236328125e+01
6.725000000000000000e+01,7.027600097656250000e+01
6.685713958740234375e+01,6.960677337646484375e+01
6.750000000000000000e+01,6.839018249511718750e+01
6.733333587646484375e+01,6.735729217529296875e+01
6.675000000000000000e+01,6.648748779296875000e+01
6.777777862548828125e+01,6.588354492187500000e+01
6.725000000000000000e+01,6.523768615722656250e+01
6.800000000000000000e+01,6.471721649169921875e+01
6.850000000000000000e+01,6.413612365722656250e+01
6.733333587646484375e+01,6.394530868530273438e+01
6.687500000000000000e+01,6.318140411376953125e+01
6.637500000000000000e+01,6.327115249633789062e+01
6.487500000000000000e+01,6.301558303833007812e+01
6.712500000000000000e+01,6.345843124389648438e+01
6.511111450195312500e+01,6.372617721557617188e+01
6.600000000000000000e+01,6.409653472900390625e+01
6.450000000000000000e+01,6.405851745605468750e+01
6.625000000000000000e+01,6.383723068237304688e+01
6.483333587646484375e+01,6.388034057617187500e+01
6.655555725097656250e+01,6.362640762329101562e+01
6.737500000000000000e+01,6.302547836303710938e+01
6.687500000000000000e+01,6.239823532104492188e+01
6.575000000000000000e+01,6.202152252197265625e+01
6.525000000000000000e+01,6.156112289428710938e+01
6.287500000000000000e+01,6.137600326538085938e+01
6.700000000000000000e+01,6.141054916381835938e+01
6.562500000000000000e+01,6.204042816162109375e+01
6.433333587646484375e+01,6.322627639770507812e+01
6.737500000000000000e+01,6.473183441162109375e+01
6.725000000000000000e+01,6.582093048095703125e+01
6.675000000000000000e+01,6.712339019775390625e+01
6.466666412353515625e+01,6.796972656250000000e+01
6.600000000000000000e+01,6.837093353271484375e+01
6.737500000000000000e+01,6.917062377929687500e+01
6.377777862548828125e+01,6.945871734619140625e+01
6.500000000000000000e+01,6.989373779296875000e+01
6.477777862548828125e+01,7.024339294433593750e+01
6.437500000000000000e+01,7.054982757568359375e+01
6.455555725097656250e+01,7.075516510009765625e+01
6.425000000000000000e+01,7.117498779296875000e+01
6.575000000000000000e+01,7.137589263916015625e+01
6.387500000000000000e+01,7.148469543457031250e+01
6.655555725097656250e+01,7.157688903808593750e+01
6.587500000000000000e+01,7.188323974609375000e+01
6.512500000000000000e+01,7.172323608398437500e+01
6.312500000000000000e+01,7.165617370605468750e+01
6.622222137451171875e+01,7.170256805419921875e+01
6.362500000000000000e+01,7.149326324462890625e+01
6.444444274902343750e+01,7.144061279296875000e+01
6.387500000000000000e+01,7.159522247314453125e+01
6.400000000000000000e+01,7.175339508056640625e+01
6.344444274902343750e+01,7.154882049560546875e+01
6.362500000000000000e+01,7.185202789306640625e+01
6.288888931274414062e+01,7.178589630126953125e+01
6.200000000000000000e+01,7.167523956298828125e+01
9.982553592635667883e-07,7.141968536376953125e+01
9.982553592635667883e-07,7.119121551513671875e+01
9.982553592635667883e-07,7.134870147705078125e+01
9.982553592635667883e-07,7.143881225585937500e+01
9.982553592635667883e-07,7.162579345703125000e+01
9.982553592635667883e-07,7.117468261718750000e+01
9.982553592635667883e-07,7.117063903808593750e+01
9.982553592635667883e-07,7.117234039306640625e+01
9.982553592635667883e-07,7.130840301513671875e+01
6.162500000000000000e+01,7.126731109619140625e+01
6.275000000000000000e+01,4.351809692382812500e+01
6.277777862548828125e+01,3.762671279907226562e+01
6.325000000000000000e+01,3.427952575683593750e+01
6.514286041259765625e+01,3.225976943969726562e+01
6.237500000000000000e+01,3.072825622558593750e+01
6.300000000000000000e+01,2.943284225463867188e+01
6.200000000000000000e+01,2.824053573608398438e+01
6.211111068725585938e+01,2.719610786437988281e+01
6.300000000000000000e+01,2.612368583679199219e+01
6.266666793823242188e+01,3.186274909973144531e+01
6.512500000000000000e+01,4.230897903442382812e+01
6.512500000000000000e+01,5.330460739135742188e+01
6.377777862548828125e+01,6.099038696289062500e+01
6.550000000000000000e+01,6.526044464111328125e+01
6.150000000000000000e+01,6.775469970703125000e+01
6.325000000000000000e+01,6.933338165283203125e+01
6.566666412353515625e+01,7.015980529785156250e+01
6.387500000000000000e+01,7.045335388183593750e+01
6.550000000000000000e+01,7.066859436035156250e+01
6.385714340209960938e+01,7.035761260986328125e+01
6.375000000000000000e+01,7.050628662109375000e+01
6.655555725097656250e+01,7.065074920654296875e+01
6.500000000000000000e+01,7.041156005859375000e+01
6.437500000000000000e+01,6.962528991699218750e+01
6.337500000000000000e+01,6.866628265380859375e+01
6.511111450195312500e+01,6.799470520019531250e+01
6.537500000000000000e+01,6.770110321044921875e+01
6.377777862548828125e+01,6.780990600585937500e+01
6.312500000000000000e+01,6.840420532226562500e+01
6.350000000000000000e+01,6.826483154296875000e+01
6.375000000000000000e+01,6.821331787109375000e+01
6.412500000000000000e+01,6.826813507080078125e+01
6.188888931274414062e+01,6.862860870361328125e+01
6.412500000000000000e+01,6.892950439453125000e+01
6.337500000000000000e+01,6.884912872314453125e+01
6.444444274902343750e+01,6.858918762207031250e+01
6.462500000000000000e+01,6.840303802490234375e+01
6.225000000000000000e+01,6.776970672607421875e+01
6.362500000000000000e+01,6.751969909667968750e+01
6.433333587646484375e+01,6.736133575439453125e+01
6.562500000000000000e+01,6.717311096191406250e+01
6.255555725097656250e+01,6.734183502197265625e+01
6.433333587646484375e+01,6.791560363769531250e+01
6.175000000000000000e+01,6.837525177001953125e+01
6.311111068725585938e+01,6.855911254882812500e+01
6.100000000000000000e+01,6.867470550537109375e+01
6.225000000000000000e+01,6.890038299560546875e+01
6.166666793823242188e+01,6.869323730468750000e+01
4.262500000000000000e+01,6.838653564453125000e+01
4.522222137451171875e+01,6.690644836425781250e+01
5.275000000000000000e+01,6.645975494384765625e+01
6.411111450195312500e+01,6.609339141845703125e+01
6.125000000000000000e+01,6.552697753906250000e+01
6.362500000000000000e+01,6.406735992431640625e+01
6.100000000000000000e+01,6.145030212402343750e+01
4.600000000000000000e+01,5.683369827270507812e+01
2.975000000000000000e+01,5.211191940307617188e+01
3.688888931274414062e+01,4.814233398437500000e+01
4.500000000000000000e+01,4.580308532714843750e+01
6.300000000000000000e+01,4.432091903686523438e+01
6.577777862548828125e+01,4.314466857910156250e+01
6.500000000000000000e+01,4.216297531127929688e+01
6.655555725097656250e+01,4.183323669433593750e+01
6.737500000000000000e+01,4.191378021240234375e+01
6.225000000000000000e+01,4.178180313110351562e+01
6.888889312744140625e+01,4.233542633056640625e+01
6.812500000000000000e+01,4.241688919067382812e+01
6.562500000000000000e+01,4.223488616943359375e+01
6.662500000000000000e+01,4.246039581298828125e+01
6.825000000000000000e+01,4.363363265991210938e+01
6.842857360839843750e+01,4.486966705322265625e+01
6.750000000000000000e+01,4.513170242309570312e+01
6.750000000000000000e+01,4.549530792236328125e+01
6.811111450195312500e+01,4.725931930541992188e+01
6.775000000000000000e+01,5.013125228881835938e+01
6.875000000000000000e+01,5.303487396240234375e+01
6.912500000000000000e+01,5.574282073974609375e+01
6.875000000000000000e+01,5.742398071289062500e+01
6.811111450195312500e+01,5.892987060546875000e+01
6.887500000000000000e+01,6.094637680053710938e+01
6.700000000000000000e+01,6.269731140136718750e+01
6.762500000000000000e+01,6.487940216064453125e+01
6.675000000000000000e+01,6.641633605957031250e+01
6.877777862548828125e+01,6.827331542968750000e+01
6.737500000000000000e+01,6.997446441650390625e+01
6.655555725097656250e+01,7.127458953857421875e+01
6.812500000000000000e+01,7.228372955322265625e+01
6.400000000000000000e+01,7.329531097412109375e+01
6.628571319580078125e+01,7.417684173583984375e+01
6.588888549804687500e+01,7.481021118164062500e+01
6.633333587646484375e+01,7.500467681884765625e+01
6.800000000000000000e+01,7.512155914306640625e+01
6.677777862548828125e+01,7.506013488769531250e+01
6.587500000000000000e+01,7.488562011718750000e+01
6.625000000000000000e+01,7.456435394287109375e+01
6.500000000000000000e+01,7.452235412597656250e+01
6.612500000000000000e+01,7.453491210937500000e+01
6.511111450195312500e+01,7.434486389160156250e+01
6.700000000000000000e+01,7.439518737792968750e+01
6.722222137451171875e+01,7.450468444824218750e+01
6.537500000000000000e+01,7.462926483154296875e+01
6.437500000000000000e+01,7.464397430419921875e+01
6.722222137451171875e+01,7.460923004150390625e+01
6.700000000000000000e+01,7.459367370605468750e+01
6.633333587646484375e+01,7.433431243896484375e+01
6.537500000000000000e+01,7.419214630126953125e+01
6.555555725097656250e+01,7.360178375244140625e+01
6.612500000000000000e+01,7.385439300537109375e+01
6.712500000000000000e+01,7.416886138916015625e+01
6.077777862548828125e+01,7.451297760009765625e+01
6.500000000000000000e+01,7.431891632080078125e+01
6.466666412353515625e+01,7.409228515625000000e+01
6.262500000000000000e+01,7.439360046386718750e+01
6.500000000000000000e+01,7.453830718994140625e+01
6.087500000000000000e+01,7.435007476806640625e+01
6.512500000000000000e+01,7.402028656005859375e+01
6.155555725097656250e+01,7.396485137939453125e+01
6.500000000000000000e+01,7.355662536621093750e+01
6.512500000000000000e+01,7.341174316406250000e+01
6.300000000000000000e+01,7.307881164550781250e+01
6.366666793823242188e+01,7.347662353515625000e+01
6.387500000000000000e+01,7.356056213378906250e+01
6.733333587646484375e+01,7.351575469970703125e+01
6.100000000000000000e+01,7.368188476562500000e+01
6.212500000000000000e+01,7.349797821044921875e+01
6.500000000000000000e+01,7.346777343750000000e+01
6.222222137451171875e+01,7.340865325927734375e+01
6.066666793823242188e+01,7.344422149658203125e+01
6.300000000000000000e+01,7.351101684570312500e+01
5.344444274902343750e+01,7.314721679687500000e+01
6.387500000000000000e+01,7.281816101074218750e+01
6.175000000000000000e+01,7.291505432128906250e+01
6.244444656372070312e+01,7.322251892089843750e+01
6.437500000000000000e+01,7.270358276367187500e+01
5.444444274902343750e+01,7.267900085449218750e+01
5.525000000000000000e+01,7.070557403564453125e+01
6.312500000000000000e+01,6.863700103759765625e+01
6.150000000000000000e+01,6.760195922851562500e+01
6.150000000000000000e+01,6.639439392089843750e+01
6.577777862548828125e+01,6.495555877685546875e+01
6.662500000000000000e+01,6.579036712646484375e+01
6.337500000000000000e+01,6.674046325683593750e+01
6.400000000000000000e+01,6.758763122558593750e+01
6.711111450195312500e+01,6.837007141113281250e+01
6.087500000000000000e+01,6.739739227294921875e+01
5.811111068725585938e+01,6.620494079589843750e+01
6.225000000000000000e+01,6.646428680419921875e+01
4.862500000000000000e+01,6.656431579589843750e+01
6.075000000000000000e+01,6.620729827880859375e+01
6.100000000000000000e+01,6.687683105468750000e+01
5.300000000000000000e+01,6.712500000000000000e+01
6.733333587646484375e+01,6.732072448730468750e+01
6.400000000000000000e+01,6.678015136718750000e+01
6.075000000000000000e+01,6.715812683105468750e+01
6.157143020629882812e+01,6.673646545410156250e+01
5.987500000000000000e+01,6.589719390869140625e+01
6.112500000000000000e+01,6.559111022949218750e+01
5.900000000000000000e+01,6.435694122314453125e+01
5.487500000000000000e+01,6.428839874267578125e+01
6.100000000000000000e+01,6.385282135009765625e+01
6.144444274902343750e+01,6.256915664672851562e+01
5.557143020629882812e+01,6.465639495849609375e+01
6.100000000000000000e+01,6.517903137207031250e+01
5.487500000000000000e+01,6.489923095703125000e+01
5.811111068725585938e+01,6.593733215332031250e+01
5.850000000000000000e+01,6.583755493164062500e+01
5.266666793823242188e+01,6.576290893554687500e+01
6.075000000000000000e+01,6.574811553955078125e+01
5.400000000000000000e+01,6.388883972167968750e+01
5.950000000000000000e+01,6.275860977172851562e+01
6.366666793823242188e+01,6.197047424316406250e+01
5.325000000000000000e+01,5.995489883422851562e+01
6.016666793823242188e+01,5.957915115356445312e+01
5.966666793823242188e+01,5.889003372192382812e+01
6.000000000000000000e+01,5.827851486206054688e+01
6.012500000000000000e+01,5.786386871337890625e+01
6.312500000000000000e+01,5.848366928100585938e+01
6.111111068725585938e+01,5.967639160156250000e+01
5.600000000000000000e+01,6.112477111816406250e+01
6.277777862548828125e+01,6.327521514892578125e+01
6.187500000000000000e+01,6.431555175781250000e+01
6.188888931274414062e+01,6.340714263916015625e+01
6.525000000000000000e+01,6.278169250488281250e+01
5.688888931274414062e+01,6.256765365600585938e+01
6.325000000000000000e+01,6.202063369750976562e+01
5.955555725097656250e+01,6.229932785034179688e+01
5.975000000000000000e+01,6.350625991821289062e+01
6.200000000000000000e+01,6.396386337280273438e+01
6.425000000000000000e+01,6.456601715087890625e+01
6.122222137451171875e+01,6.499243927001953125e+01
6.150000000000000000e+01,6.608063507080078125e+01
6.400000000000000000e+01,6.594709014892578125e+01
6.312500000000000000e+01,6.640866851806640625e+01
6.411111450195312500e+01,6.577970123291015625e+01
6.375000000000000000e+01,6.576258850097656250e+01
6.562500000000000000e+01,6.653096008300781250e+01
6.544444274902343750e+01,6.651617431640625000e+01
6.450000000000000000e+01,6.722314453125000000e+01
6.387500000000000000e+01,6.810022735595703125e+01
6.677777862548828125e+01,6.870964813232421875e+01
6.487500000000000000e+01,6.916294860839843750e+01
6.450000000000000000e+01,7.008092498779296875e+01
6.622222137451171875e+01,7.077600097656250000e+01
6.475000000000000000e+01,7.137043762207031250e+01
6.757142639160156250e+01,7.147538757324218750e+01
6.687500000000000000e+01,7.193082427978515625e+01
6.455555725097656250e+01,7.198590850830078125e+01
6.762500000000000000e+01,7.223729705810546875e+01
6.777777862548828125e+01,7.228290557861328125e+01
6.850000000000000000e+01,7.215180969238281250e+01
6.775000000000000000e+01,7.194150543212890625e+01
6.837500000000000000e+01,7.179834747314453125e+01
6.788888549804687500e+01,7.183029174804687500e+01
6.775000000000000000e+01,7.181745147705078125e+01
6.744444274902343750e+01,7.199092102050781250e+01
6.712500000000000000e+01,7.217262268066406250e+01
6.562500000000000000e+01,7.182076263427734375e+01
6.700000000000000000e+01,7.155207824707031250e+01
6.750000000000000000e+01,7.141680145263671875e+01
6.700000000000000000e+01,7.144289398193359375e+01
6.566666412353515625e+01,7.131747436523437500e+01
6.575000000000000000e+01,7.112007904052734375e+01
6.611111450195312500e+01,7.066303253173828125e+01
6.412500000000000000e+01,6.972746276855468750e+01
6.800000000000000000e+01,6.872925567626953125e+01
6.650000000000000000e+01,6.778919982910156250e+01
6.655555725097656250e+01,6.680931854248046875e+01
6.637500000000000000e+01,6.605251312255859375e+01
6.475000000000000000e+01,6.548806762695312500e+01
6.666666412353515625e+01,6.487394714355468750e+01
6.477777862548828125e+01,6.430546569824218750e+01
6.588888549804687500e+01,6.432135009765625000e+01
6.625000000000000000e+01,6.432756042480468750e+01
6.300000000000000000e+01,6.374491882324218750e+01
6.562500000000000000e+01,6.398377609252929688e+01
6.455555725097656250e+01,6.385669708251953125e+01
6.244444656372070312e+01,6.367613220214843750e+01
6.462500000000000000e+01,6.344892120361328125e+01
6.233333206176757812e+01,6.222488021850585938e+01
6.562500000000000000e+01,6.202598190307617188e+01
6.287500000000000000e+01,6.169366836547851562e+01
6.466666412353515625e+01,6.167452621459960938e+01
9.982553592635667883e-07,6.202160644531250000e+01
9.982553592635667883e-07,6.022673416137695312e+01
9.982553592635667883e-07,6.083307647705078125e+01
9.982553592635667883e-07,6.102183914184570312e+01
9.982553592635667883e-07,6.035566329956054688e+01
9.982553592635667883e-07,6.042426300048828125e+01
9.982553592635667883e-07,6.036697006225585938e+01
9.982553592635667883e-07,6.107532501220703125e+01
9.982553592635667883e-07,6.177546691894531250e+01
9.982553592635667883e-07,6.275222015380859375e+01
6.500000000000000000e+01,3.628698348999023438e+01
6.362500000000000000e+01,3.280665588378906250e+01
6.600000000000000000e+01,3.035600090026855469e+01
6.900000000000000000e+01,2.867442893981933594e+01
6.475000000000000000e+01,2.741069030761718750e+01
6.400000000000000000e+01,2.642661094665527344e+01
6.500000000000000000e+01,2.562905311584472656e+01
6.562500000000000000e+01,2.497328376770019531e+01
6.285714340209960938e+01,2.436621093750000000e+01
6.211111068725585938e+01,2.386343002319335938e+01
6.350000000000000000e+01,2.897318840026855469e+01
6.362500000000000000e+01,3.762501907348632812e+01
6.366666793823242188e+01,4.897609710693359375e+01
6.325000000000000000e+01,5.833620452880859375e+01
6.388888931274414062e+01,6.353440093994140625e+01
6.187500000000000000e+01,6.651473236083984375e+01
6.522222137451171875e+01,6.831845855712890625e+01
6.350000000000000000e+01,6.918943023681640625e+01
6.322222137451171875e+01,6.986294555664062500e+01
6.287500000000000000e+01,6.997811126708984375e+01
6.422222137451171875e+01,7.014491271972656250e+01
6.350000000000000000e+01,6.949259948730468750e+01
6.555555725097656250e+01,6.937985992431640625e+01
6.412500000000000000e+01,6.941311645507812500e+01
6.500000000000000000e+01,6.940966796875000000e+01
6.266666793823242188e+01,6.948683166503906250e+01
6.400000000000000000e+01,6.969348144531250000e+01
6.512500000000000000e+01,7.005316162109375000e+01
6.233333206176757812e+01,7.031388092041015625e+01
6.312500000000000000e+01,7.052445983886718750e+01
6.512500000000000000e+01,7.070534515380859375e+01
6.350000000000000000e+01,7.077746582031250000e+01
6.550000000000000000e+01,7.080403137207031250e+01
6.387500000000000000e+01,7.091821289062500000e+01
6.433333587646484375e+01,7.121282958984375000e+01
6.422222137451171875e+01,7.109081268310546875e+01
6.387500000000000000e+01,7.074063110351562500e+01
6.412500000000000000e+01,7.077175903320312500e+01
6.155555725097656250e+01,7.093264770507812500e+01
6.411111450195312500e+01,7.093470001220703125e+01
6.240000152587890625e+01,7.125807952880859375e+01
6.200000000000000000e+01,7.104672241210937500e+01
9.982553592635667883e-07,7.073993682861328125e+01
9.982553592635667883e-07,7.068077850341796875e+01
9.982553592635667883e-07,7.077078247070312500e+01
9.982553592635667883e-07,7.068374633789062500e+01
9.982553592635667883e-07,7.080752563476562500e+01
9.982553592635667883e-07,7.109270477294921875e+01
9.982553592635667883e-07,7.120221710205078125e+01
6.277777862548828125e+01,6.672270202636718750e+01
6.033333206176757812e+01,6.727825927734375000e+01
6.612500000000000000e+01,6.752532196044921875e+01
6.637500000000000000e+01,6.726385498046875000e+01
6.600000000000000000e+01,6.744860076904296875e+01
6.562500000000000000e+01,6.818347167968750000e+01
6.300000000000000000e+01,6.875308227539062500e+01
6.375000000000000000e+01,6.921191406250000000e+01
6.712500000000000000e+01,6.945245361328125000e+01
6.333333206176757812e+01,6.908589172363281250e+01
6.537500000000000000e+01,6.888764190673828125e+01
6.711111450195312500e+01,6.880643463134765625e+01
6.675000000000000000e+01,6.882439422607421875e+01
6.433333587646484375e+01,6.948838043212890625e+01
6.662500000000000000e+01,7.040537261962890625e+01
6.662500000000000000e+01,7.054237365722656250e+01
6.700000000000000000e+01,7.063370513916015625e+01
6.675000000000000000e+01,7.063730621337890625e+01
6.762500000000000000e+01,7.085302734375000000e+01
6.777777862548828125e+01,7.128306579589843750e+01
6.762500000000000000e+01,7.146530151367187500e+01
6.785713958740234375e+01,7.150670623779296875e+01
6.737500000000000000e+01,7.177552032470703125e+01
6.844444274902343750e+01,7.216963195800781250e+01
6.655555725097656250e+01,7.219691467285156250e+01
6.875000000000000000e+01,7.242751312255859375e+01
6.762500000000000000e+01,7.265444946289062500e+01
6.787500000000000000e+01,7.254013824462890625e+01
6.811111450195312500e+01,7.256506347656250000e+01
6.750000000000000000e+01,7.259255218505859375e+01
6.766666412353515625e+01,7.254895019531250000e+01
6.700000000000000000e+01,7.244888305664062500e+01
6.812500000000000000e+01,7.239234924316406250e+01
6.650000000000000000e+01,7.213689422607421875e+01
6.725000000000000000e+01,7.201039886474609375e+01
6.725000000000000000e+01,7.167328643798828125e+01
6.737500000000000000e+01,7.132123565673828125e+01
6.725000000000000000e+01,7.087947082519531250e+01
6.685713958740234375e+01,7.033084106445312500e+01
6.750000000000000000e+01,6.967460632324218750e+01
6.733333587646484375e+01,6.849403381347656250e+01
6.675000000000000000e+01,6.747531127929687500e+01
6.777777862548828125e+01,6.661402893066406250e+01
6.725000000000000000e+01,6.601116180419921875e+01
6.800000000000000000e+01,6.539321136474609375e+01
6.850000000000000000e+01,6.487846374511718750e+01
6.733333587646484375e+01,6.432032775878906250e+01
6.687500000000000000e+01,6.414672851562500000e+01
6.637500000000000000e+01,6.341875839233398438e+01
6.487500000000000000e+01,6.352517700195312500e+01
6.712500000000000000e+01,6.329068756103515625e+01
6.511111450195312500e+01,6.374695968627929688e+01
6.600000000000000000e+01,6.403721618652343750e+01
6.450000000000000000e+01,6.443045043945312500e+01
6.625000000000000000e+01,6.436569213867187500e+01
6.483333587646484375e+01,6.414830017089843750e+01
6.655555725097656250e+01,6.416338348388671875e+01
6.737500000000000000e+01,6.389607238769531250e+01
6.687500000000000000e+01,6.331976699829101562e+01
6.575000000000000000e+01,6.273376846313476562e+01
6.525000000000000000e+01,6.242832183837890625e+01
6.287500000000000000e+01,6.204398727416992188e+01
6.700000000000000000e+01,6.190274429321289062e+01
6.562500000000000000e+01,6.195439910888671875e+01
6.433333587646484375e+01,6.263027572631835938e+01
6.737500000000000000e+01,6.384089279174804688e+01
6.725000000000000000e+01,6.529306793212890625e+01
6.675000000000000000e+01,6.634802246093750000e+01
6.466666412353515625e+01,6.758885955810546875e+01
6.600000000000000000e+01,6.837062072753906250e+01
6.737500000000000000e+01,6.878656005859375000e+01
6.377777862548828125e+01,6.955718994140625000e+01
6.500000000000000000e+01,6.984977722167968750e+01
6.477777862548828125e+01,7.027351379394531250e+01
6.437500000000000000e+01,7.060505676269531250e+01
6.455555725097656250e+01,7.089875793457031250e+01
6.425000000000000000e+01,7.109047698974609375e+01
6.575000000000000000e+01,7.147930145263671875e+01
6.387500000000000000e+01,7.164944458007812500e+01
6.655555725097656250e+01,7.175965881347656250e+01
6.587500000000000000e+01,7.184869384765625000e+01
6.512500000000000000e+01,7.211815643310546875e+01
6.312500000000000000e+01,7.198789978027343750e+01
6.622222137451171875e+01,7.193773651123046875e+01
6.362500000000000000e+01,7.200080108642578125e+01
6.444444274902343750e+01,7.180983734130859375e+01
6.387500000000000000e+01,7.175112152099609375e+01
6.400000000000000000e+01,7.189724731445312500e+01
6.344444274902343750e+01,7.204824066162109375e+01
6.362500000000000000e+01,7.185470581054687500e+01
6.288888931274414062e+01,7.212615966796875000e+01
6.200000000000000000e+01,7.207012939453125000e+01
9.982553592635667883e-07,7.194703674316406250e+01
9.982553592635667883e-07,7.171665954589843750e+01
9.982553592635667883e-07,7.151181030273437500e+01
9.982553592635667883e-07,7.165647888183593750e+01
9.982553592635667883e-07,7.172303009033203125e+01
9.982553592635667883e-07,7.191265869140625000e+01
9.982553592635667883e-07,7.148882293701171875e+01
9.982553592635667883e-07,7.152424621582031250e+01
9.982553592635667883e-07,7.152776336669921875e+01
6.162500000000000000e+01,7.163443756103515625e+01
6.275000000000000000e+01,7.159420776367187500e+01
6.277777862548828125e+01,4.307096481323242188e+01
6.325000000000000000e+01,3.718439483642578125e+01
6.514286041259765625e+01,3.387392425537109375e+01
6.237500000000000000e+01,3.193175888061523438e+01
6.300000000000000000e+01,3.049719810485839844e+01
6.200000000000000000e+01,2.930938911437988281e+01
6.211111068725585938e+01,2.823132705688476562e+01
6.300000000000000000e+01,2.729788017272949219e+01
6.266666793823242188e+01,2.635466575622558594e+01
6.512500000000000000e+01,3.131210327148437500e+01
6.512500000000000000e+01,4.191961288452148438e+01
6.377777862548828125e+01,5.393866348266601562e+01
6.550000000000000000e+01,6.190316772460937500e+01
6.150000000000000000e+01,6.599839019775390625e+01
6.325000000000000000e+01,6.832580566406250000e+01
6.566666412353515625e+01,6.979909515380859375e+01
6.387500000000000000e+01,7.060364532470703125e+01
6.550000000000000000e+01,7.092144012451171875e+01
6.385714340209960938e+01,7.114142608642578125e+01
6.375000000000000000e+01,7.084403228759765625e+01
6.655555725097656250e+01,7.087088775634765625e+01
6.500000000000000000e+01,7.098944091796875000e+01
6.437500000000000000e+01,7.079470825195312500e+01
6.337500000000000000e+01,7.009535980224609375e+01
6.511111450195312500e+01,6.921697998046875000e+01
6.537500000000000000e+01,6.857075500488281250e+01
6.377777862548828125e+01,6.829299163818359375e+01
6.312500000000000000e+01,6.835416412353515625e+01
6.350000000000000000e+01,6.888216400146484375e+01
6.375000000000000000e+01,6.878130340576171875e+01
6.412500000000000000e+01,6.872663879394531250e+01
6.188888931274414062e+01,6.875011444091796875e+01
6.412500000000000000e+01,6.901669311523437500e+01
6.337500000000000000e+01,6.925746154785156250e+01
6.444444274902343750e+01,6.921140289306640625e+01
6.462500000000000000e+01,6.901699829101562500e+01
6.225000000000000000e+01,6.885646057128906250e+01
6.362500000000000000e+01,6.823995971679687500e+01
6.433333587646484375e+01,6.798258209228515625e+01
6.562500000000000000e+01,6.783683013916015625e+01
6.255555725097656250e+01,6.767312622070312500e+01
6.433333587646484375e+01,6.781457519531250000e+01
6.175000000000000000e+01,6.832294464111328125e+01
6.311111068725585938e+01,6.871904754638671875e+01
6.100000000000000000e+01,6.884566497802734375e+01
6.225000000000000000e+01,6.895298767089843750e+01
6.166666793823242188e+01,6.914254760742187500e+01
4.262500000000000000e+01,6.896534729003906250e+01
4.522222137451171875e+01,6.866182708740234375e+01
5.275000000000000000e+01,6.732256317138671875e+01
6.411111450195312500e+01,6.691814422607421875e+01
6.125000000000000000e+01,6.657131958007812500e+01
6.362500000000000000e+01,6.600841522216796875e+01
6.100000000000000000e+01,6.457621002197265625e+01
4.600000000000000000e+01,6.204806137084960938e+01
2.975000000000000000e+01,5.751959991455078125e+01
3.688888931274414062e+01,5.267235183715820312e+01
4.500000000000000000e+01,4.852228546142578125e+01
6.300000000000000000e+01,4.590405273437500000e+01
6.577777862548828125e+01,4.420229721069335938e+01
6.500000000000000000e+01,4.294895172119140625e+01
6.655555725097656250e+01,4.186864852905273438e+01
6.737500000000000000e+01,4.151105499267578125e+01
6.225000000000000000e+01,4.157633590698242188e+01
6.888889312744140625e+01,4.141269683837890625e+01
6.812500000000000000e+01,4.198757171630859375e+01
6.562500000000000000e+01,4.202915954589843750e+01
6.662500000000000000e+01,4.183546447753906250e+01
6.825000000000000000e+01,4.208902740478515625e+01
6.842857360839843750e+01,4.337346267700195312e+01
6.750000000000000000e+01,4.470608139038085938e+01
6.750000000000000000e+01,4.501019287109375000e+01
6.811111450195312500e+01,4.545098495483398438e+01
6.775000000000000000e+01,4.732816696166992188e+01
6.875000000000000000e+01,5.041852951049804688e+01
6.912500000000000000e+01,5.354817581176757812e+01
6.875000000000000000e+01,5.638083648681640625e+01
6.811111450195312500e+01,5.803480911254882812e+01
6.887500000000000000e+01,5.956781387329101562e+01
6.700000000000000000e+01,6.165382385253906250e+01
6.762500000000000000e+01,6.342140960693359375e+01
6.675000000000000000e+01,6.556604003906250000e+01
6.877777862548828125e+01,6.705506896972656250e+01
6.737500000000000000e+01,6.878130340576171875e+01
6.655555725097656250e+01,7.036353302001953125e+01
6.812500000000000000e+01,7.157962799072265625e+01
6.400000000000000000e+01,7.249563598632812500e+01
6.628571319580078125e+01,7.342744445800781250e+01
6.588888549804687500e+01,7.427471923828125000e+01
6.633333587646484375e+01,7.488223266601562500e+01
6.800000000000000000e+01,7.508480834960937500e+01
6.677777862548828125e+01,7.519417572021484375e+01
6.587500000000000000e+01,7.515325164794921875e+01
6.625000000000000000e+01,7.498487854003906250e+01
6.500000000000000000e+01,7.469038391113281250e+01
6.612500000000000000e+01,7.466485595703125000e+01
6.511111450195312500e+01,7.466610717773437500e+01
6.700000000000000000e+01,7.449241638183593750e+01
6.722222137451171875e+01,7.455047607421875000e+01
6.537500000000000000e+01,7.464553070068359375e+01
6.437500000000000000e+01,7.475433349609375000e+01
6.722222137451171875e+01,7.477008819580078125e+01
6.700000000000000000e+01,7.473776245117187500e+01
6.633333587646484375e+01,7.473092651367187500e+01
6.537500000000000000e+01,7.448237609863281250e+01
6.555555725097656250e+01,7.434889221191406250e+01
6.612500000000000000e+01,7.382147979736328125e+01
6.712500000000000000e+01,7.403527832031250000e+01
6.077777862548828125e+01,7.431686401367187500e+01
6.500000000000000000e+01,7.463641357421875000e+01
6.466666412353515625e+01,7.445945739746093750e+01
6.262500000000000000e+01,7.426374816894531250e+01
6.500000000000000000e+01,7.453929901123046875e+01
6.087500000000000000e+01,7.468325805664062500e+01
6.512500000000000000e+01,7.449831390380859375e+01
6.155555725097656250e+01,7.419477844238281250e+01
6.500000000000000000e+01,7.414030456542968750e+01
6.512500000000000000e+01,7.375867462158203125e+01
6.300000000000000000e+01,7.360776519775390625e+01
6.366666793823242188e+01,7.334268951416015625e+01
6.387500000000000000e+01,7.369722747802734375e+01
6.733333587646484375e+01,7.378113555908203125e+01
6.100000000000000000e+01,7.375693511962890625e+01
6.212500000000000000e+01,7.389025115966796875e+01
6.500000000000000000e+01,7.373660278320312500e+01
6.222222137451171875e+01,7.371171569824218750e+01
6.066666793823242188e+01,7.367729187011718750e+01
6.300000000000000000e+01,7.369979858398437500e+01
5.344444274902343750e+01,7.375267028808593750e+01
6.387500000000000000e+01,7.340559387207031250e+01
6.175000000000000000e+01,7.310504150390625000e+01
6.244444656372070312e+01,7.319770812988281250e+01
6.437500000000000000e+01,7.344213867187500000e+01
5.444444274902343750e+01,7.298574829101562500e+01
5.525000000000000000e+01,7.295764160156250000e+01
6.312500000000000000e+01,7.115676116943359375e+01
6.150000000000000000e+01,6.922612762451171875e+01
6.150000000000000000e+01,6.820909118652343750e+01
6.577777862548828125e+01,6.696542358398437500e+01
6.662500000000000000e+01,6.557220458984375000e+01
6.337500000000000000e+01,6.633970642089843750e+01
6.400000000000000000e+01,6.721553039550781250e+01
6.711111450195312500e+01,6.803268432617187500e+01
6.087500000000000000e+01,6.873448181152343750e+01
5.811111068725585938e+01,6.779782867431640625e+01
6.225000000000000000e+01,6.665621185302734375e+01
4.862500000000000000e+01,6.683753204345703125e+01
6.075000000000000000e+01,6.686269378662109375e+01
6.100000000000000000e+01,6.653015899658203125e+01
5.300000000000000000e+01,6.717803192138671875e+01
6.733333587646484375e+01,6.735459136962890625e+01
6.400000000000000000e+01,6.754956054687500000e+01
6.075000000000000000e+01,6.702192687988281250e+01
6.157143020629882812e+01,6.736470031738281250e+01
5.987500000000000000e+01,6.700666046142578125e+01
6.112500000000000000e+01,6.621643066406250000e+01
5.900000000000000000e+01,6.594913482666015625e+01
5.487500000000000000e+01,6.483795928955078125e+01
6.100000000000000000e+01,6.475263977050781250e+01
6.144444274902343750e+01,6.434957122802734375e+01
5.557143020629882812e+01,6.313175964355468750e+01
6.100000000000000000e+01,6.513291931152343750e+01
5.487500000000000000e+01,6.561997985839843750e+01
5.811111068725585938e+01,6.535057067871093750e+01
5.850000000000000000e+01,6.636164855957031250e+01
5.266666793823242188e+01,6.625361633300781250e+01
6.075000000000000000e+01,6.619338989257812500e+01
5.400000000000000000e+01,6.618302154541015625e+01
5.950000000000000000e+01,6.436854553222656250e+01
6.366666793823242188e+01,6.322734451293945312e+01
5.325000000000000000e+01,6.241587829589843750e+01
6.016666793823242188e+01,6.047387695312500000e+01
5.966666793823242188e+01,6.005494308471679688e+01
6.000000000000000000e+01,5.936364364624023438e+01
6.012500000000000000e+01,5.872620010375976562e+01
6.312500000000000000e+01,5.841401290893554688e+01
6.111111068725585938e+01,5.908179473876953125e+01
5.600000000000000000e+01,6.028364181518554688e+01
6.277777862548828125e+01,6.182641601562500000e+01
6.187500000000000000e+01,6.392572784423828125e+01
6.188888931274414062e+01,6.492300415039062500e+01
6.525000000000000000e+01,6.404628753662109375e+01
5.688888931274414062e+01,6.340235900878906250e+01
6.325000000000000000e+01,6.318034362792968750e+01
5.955555725097656250e+01,6.264670181274414062e+01
5.975000000000000000e+01,6.291444015502929688e+01
6.200000000000000000e+01,6.410253906250000000e+01
6.425000000000000000e+01,6.454615783691406250e+01
6.122222137451171875e+01,6.513240814208984375e+01
6.150000000000000000e+01,6.557173919677734375e+01
6.400000000000000000e+01,6.661376953125000000e+01
6.312500000000000000e+01,6.650466156005859375e+01
6.411111450195312500e+01,6.693293762207031250e+01
6.375000000000000000e+01,6.635852050781250000e+01
6.562500000000000000e+01,6.632924652099609375e+01
6.544444274902343750e+01,6.705375671386718750e+01
6.450000000000000000e+01,6.705294799804687500e+01
6.387500000000000000e+01,6.772615814208984375e+01
6.677777862548828125e+01,6.852776336669921875e+01
6.487500000000000000e+01,6.912710571289062500e+01
6.450000000000000000e+01,6.958676147460937500e+01
6.622222137451171875e+01,7.044646453857421875e+01
6.475000000000000000e+01,7.110350036621093750e+01
6.757142639160156250e+01,7.166483306884765625e+01
6.687500000000000000e+01,7.176461029052734375e+01
6.455555725097656250e+01,7.217764282226562500e+01
6.762500000000000000e+01,7.221385955810546875e+01
6.777777862548828125e+01,7.245158386230468750e+01
6.850000000000000000e+01,7.248774719238281250e+01
6.775000000000000000e+01,7.236149597167968750e+01
6.837500000000000000e+01,7.216246795654296875e+01
6.788888549804687500e+01,7.202925872802734375e+01
6.775000000000000000e+01,7.203606414794921875e+01
6.744444274902343750e+01,7.201192474365234375e+01
6.712500000000000000e+01,7.214425659179687500e+01
6.562500000000000000e+01,7.229988861083984375e+01
6.700000000000000000e+01,7.196105957031250000e+01
6.750000000000000000e+01,7.169232177734375000e+01
6.700000000000000000e+01,7.155213928222656250e+01
6.566666412353515625e+01,7.156102752685546875e+01
6.575000000000000000e+01,7.143522644042968750e+01
6.611111450195312500e+01,7.122160339355468750e+01
6.412500000000000000e+01,7.075239562988281250e+01
6.800000000000000000e+01,6.978883361816406250e+01
6.650000000000000000e+01,6.877852630615234375e+01
6.655555725097656250e+01,6.782269287109375000e+01
6.637500000000000000e+01,6.685131072998046875e+01
6.475000000000000000e+01,6.612904357910156250e+01
6.666666412353515625e+01,6.559785461425781250e+01
6.477777862548828125e+01,6.498553466796875000e+01
6.588888549804687500e+01,6.445925903320312500e+01
6.625000000000000000e+01,6.450182342529296875e+01
6.300000000000000000e+01,6.454714202880859375e+01
6.562500000000000000e+01,6.403653717041015625e+01
6.455555725097656250e+01,6.424901580810546875e+01
6.244444656372070312e+01,6.415482330322265625e+01
6.462500000000000000e+01,6.401409912109375000e+01
6.233333206176757812e+01,6.382843399047851562e+01
6.562500000000000000e+01,6.266977310180664062e+01
6.287500000000000000e+01,6.246128082275390625e+01
6.466666412353515625e+01,6.212507247924804688e+01
9.982553592635667883e-07,6.211288833618164062e+01
9.982553592635667883e-07,6.246475982666015625e+01
9.982553592635667883e-07,6.077569961547851562e+01
9.982553592635667883e-07,6.135002517700195312e+01
9.982553592635667883e-07,6.151706314086914062e+01
9.982553592635667883e-07,6.086521148681640625e+01
9.982553592635667883e-07,6.094001388549804688e+01
9.982553592635667883e-07,6.093492507934570312e+01
9.982553592635667883e-07,6.166791152954101562e+01
9.982553592635667883e-07,6.232375335693359375e+01
6.500000000000000000e+01,6.327269744873046875e+01
6.362500000000000000e+01,3.599016952514648438e+01
6.600000000000000000e+01,3.231661605834960938e+01
6.900000000000000000e+01,2.990578651428222656e+01
6.475000000000000000e+01,2.834646034240722656e+01
6.400000000000000000e+01,2.722166252136230469e+01
6.500000000000000000e+01,2.637177467346191406e+01
6.562500000000000000e+01,2.570190048217773438e+01
6.285714340209960938e+01,2.516661834716796875e+01
6.211111068725585938e+01,2.467957687377929688e+01
6.350000000000000000e+01,2.430742645263671875e+01
6.362500000000000000e+01,2.860056114196777344e+01
6.366666793823242188e+01,3.694956970214843750e+01
6.325000000000000000e+01,4.912002563476562500e+01
6.388888931274414062e+01,5.913451004028320312e+01
6.187500000000000000e+01,6.432426452636718750e+01
6.522222137451171875e+01,6.717230987548828125e+01
6.350000000000000000e+01,6.886502075195312500e+01
6.322222137451171875e+01,6.969486999511718750e+01
6.287500000000000000e+01,7.035473632812500000e+01
6.422222137451171875e+01,7.048076629638671875e+01
6.350000000000000000e+01,7.062365722656250000e+01
6.555555725097656250e+01,6.993651580810546875e+01
6.412500000000000000e+01,6.981781768798828125e+01
6.500000000000000000e+01,6.986949920654296875e+01
6.266666793823242188e+01,6.986930847167968750e+01
6.400000000000000000e+01,6.994623565673828125e+01
6.512500000000000000e+01,7.013017272949218750e+01
6.233333206176757812e+01,7.045882415771484375e+01
6.312500000000000000e+01,7.069925689697265625e+01
6.512500000000000000e+01,7.089807128906250000e+01
6.350000000000000000e+01,7.107048034667968750e+01
6.550000000000000000e+01,7.114348602294921875e+01
6.387500000000000000e+01,7.118980407714843750e+01
6.433333587646484375e+01,7.129618072509765625e+01
6.422222137451171875e+01,7.156104278564453125e+01
6.387500000000000000e+01,7.146029663085937500e+01
6.412500000000000000e+01,7.112770843505859375e+01
6.155555725097656250e+01,7.114568328857421875e+01
6.411111450195312500e+01,7.129003143310546875e+01
6.240000152587890625e+01,7.129866027832031250e+01
6.200000000000000000e+01,7.157676696777343750e+01
9.982553592635667883e-07,7.137132263183593750e+01
9.982553592635667883e-07,7.108492279052734375e+01
9.982553592635667883e-07,7.101348876953125000e+01
9.982553592635667883e-07,7.108265686035156250e+01
9.982553592635667883e-07,7.100605773925781250e+01
9.982553592635667883e-07,7.113034820556640625e+01
9.982553592635667883e-07,7.138170623779296875e+01
9.982553592635667883e-07,7.149286651611328125e+01
6.033333206176757812e+01,6.718877410888671875e+01
6.612500000000000000e+01,6.770628356933593750e+01
6.637500000000000000e+01,6.793739318847656250e+01
6.600000000000000000e+01,6.768113708496093750e+01
6.562500000000000000e+01,6.784705352783203125e+01
6.300000000000000000e+01,6.854812622070312500e+01
6.375000000000000000e+01,6.910520935058593750e+01
6.712500000000000000e+01,6.954471588134765625e+01
6.333333206176757812e+01,6.976586151123046875e+01
6.537500000000000000e+01,6.945467376708984375e+01
6.711111450195312500e+01,6.925228118896484375e+01
6.675000000000000000e+01,6.915651702880859375e+01
6.433333587646484375e+01,6.917646026611328125e+01
6.662500000000000000e+01,6.978401184082031250e+01
6.662500000000000000e+01,7.062855529785156250e+01
6.700000000000000000e+01,7.075833892822265625e+01
6.675000000000000000e+01,7.083436584472656250e+01
6.762500000000000000e+01,7.086084747314453125e+01
6.777777862548828125e+01,7.107234191894531250e+01
6.762500000000000000e+01,7.146706390380859375e+01
6.785713958740234375e+01,7.164391326904296875e+01
6.737500000000000000e+01,7.165427398681640625e+01
6.844444274902343750e+01,7.191014099121093750e+01
6.655555725097656250e+01,7.227021789550781250e+01
6.875000000000000000e+01,7.229875946044921875e+01
6.762500000000000000e+01,7.250692749023437500e+01
6.787500000000000000e+01,7.272315979003906250e+01
6.811111450195312500e+01,7.260681152343750000e+01
6.750000000000000000e+01,7.261510467529296875e+01
6.766666412353515625e+01,7.261772918701171875e+01
6.700000000000000000e+01,7.254120635986328125e+01
6.812500000000000000e+01,7.241981506347656250e+01
6.650000000000000000e+01,7.234146881103515625e+01
6.725000000000000000e+01,7.209864807128906250e+01
6.725000000000000000e+01,7.196821594238281250e+01
6.737500000000000000e+01,7.164184570312500000e+01
6.725000000000000000e+01,7.128231811523437500e+01
6.685713958740234375e+01,7.083906555175781250e+01
6.750000000000000000e+01,7.028570556640625000e+01
6.733333587646484375e+01,6.964446258544921875e+01
6.675000000000000000e+01,6.849963378906250000e+01
6.777777862548828125e+01,6.749094390869140625e+01
6.725000000000000000e+01,6.663656616210937500e+01
6.800000000000000000e+01,6.602734375000000000e+01
6.850000000000000000e+01,6.543583679199218750e+01
6.733333587646484375e+01,6.491695404052734375e+01
6.687500000000000000e+01,6.437979125976562500e+01
6.637500000000000000e+01,6.423046112060546875e+01
6.487500000000000000e+01,6.353899383544921875e+01
6.712500000000000000e+01,6.366951370239257812e+01
6.511111450195312500e+01,6.345843887329101562e+01
6.600000000000000000e+01,6.392555999755859375e+01
6.450000000000000000e+01,6.424446105957031250e+01
6.625000000000000000e+01,6.465799713134765625e+01
6.483333587646484375e+01,6.457205200195312500e+01
6.655555725097656250e+01,6.435855865478515625e+01
6.737500000000000000e+01,6.435688018798828125e+01
6.687500000000000000e+01,6.410128021240234375e+01
6.575000000000000000e+01,6.357929611206054688e+01
6.525000000000000000e+01,6.305517196655273438e+01
6.287500000000000000e+01,6.283283996582031250e+01
6.700000000000000000e+01,6.252812194824218750e+01
6.562500000000000000e+01,6.243104553222656250e+01
6.433333587646484375e+01,6.250277328491210938e+01
6.737500000000000000e+01,6.321137237548828125e+01
6.725000000000000000e+01,6.441737365722656250e+01
6.675000000000000000e+01,6.579348754882812500e+01
6.466666412353515625e+01,6.679607391357421875e+01
6.600000000000000000e+01,6.795738983154296875e+01
6.737500000000000000e+01,6.867272949218750000e+01
6.377777862548828125e+01,6.909899139404296875e+01
6.500000000000000000e+01,6.983789825439453125e+01
6.477777862548828125e+01,7.013181304931640625e+01
6.437500000000000000e+01,7.054053497314453125e+01
6.455555725097656250e+01,7.085382080078125000e+01
6.425000000000000000e+01,7.112912750244140625e+01
6.575000000000000000e+01,7.130532073974609375e+01
6.387500000000000000e+01,7.165720367431640625e+01
6.655555725097656250e+01,7.179295349121093750e+01
6.587500000000000000e+01,7.189952087402343750e+01
6.512500000000000000e+01,7.198428344726562500e+01
6.312500000000000000e+01,7.222323608398437500e+01
6.622222137451171875e+01,7.212187194824218750e+01
6.362500000000000000e+01,7.208757019042968750e+01
6.444444274902343750e+01,7.216462707519531250e+01
6.387500000000000000e+01,7.199669647216796875e+01
6.400000000000000000e+01,7.193170928955078125e+01
6.344444274902343750e+01,7.207250976562500000e+01
6.362500000000000000e+01,7.221456909179687500e+01
6.288888931274414062e+01,7.203625488281250000e+01
6.200000000000000000e+01,7.227661895751953125e+01
9.982553592635667883e-07,7.223046112060546875e+01
9.982553592635667883e-07,7.209719848632812500e+01
9.982553592635667883e-07,7.188972473144531250e+01
9.982553592635667883e-07,7.170983886718750000e+01
9.982553592635667883e-07,7.184171295166015625e+01
9.982553592635667883e-07,7.188571166992187500e+01
9.982553592635667883e-07,7.207890319824218750e+01
9.982553592635667883e-07,7.169387817382812500e+01
9.982553592635667883e-07,7.175625610351562500e+01
6.162500000000000000e+01,7.175753784179687500e+01
6.275000000000000000e+01,7.183730316162109375e+01
6.277777862548828125e+01,7.179716491699218750e+01
6.325000000000000000e+01,4.254695892333984375e+01
6.514286041259765625e+01,3.675394439697265625e+01
6.237500000000000000e+01,3.353737258911132812e+01
6.300000000000000000e+01,3.170827293395996094e+01
6.200000000000000000e+01,3.039514541625976562e+01
6.211111068725585938e+01,2.933210182189941406e+01
6.300000000000000000e+01,2.838016891479492188e+01
6.266666793823242188e+01,2.756445121765136719e+01
6.512500000000000000e+01,2.675430870056152344e+01
6.512500000000000000e+01,3.096912193298339844e+01
6.377777862548828125e+01,4.165554809570312500e+01
6.550000000000000000e+01,5.470179367065429688e+01
6.150000000000000000e+01,6.282321929931640625e+01
6.325000000000000000e+01,6.667791748046875000e+01
6.566666412353515625e+01,6.881659698486328125e+01
6.387500000000000000e+01,7.017160797119140625e+01
6.550000000000000000e+01,7.093479156494140625e+01
6.385714340209960938e+01,7.125659942626953125e+01
6.375000000000000000e+01,7.146832275390625000e+01
6.655555725097656250e+01,7.117971038818359375e+01
6.500000000000000000e+01,7.109243011474609375e+01
6.437500000000000000e+01,7.118589782714843750e+01
6.337500000000000000e+01,7.102964782714843750e+01
6.511111450195312500e+01,7.039741516113281250e+01
6.537500000000000000e+01,6.959137725830078125e+01
6.377777862548828125e+01,6.897413635253906250e+01
6.312500000000000000e+01,6.870848083496093750e+01
6.350000000000000000e+01,6.873328399658203125e+01
6.375000000000000000e+01,6.920380401611328125e+01
6.412500000000000000e+01,6.914511871337890625e+01
6.188888931274414062e+01,6.908654785156250000e+01
6.412500000000000000e+01,6.908420562744140625e+01
6.337500000000000000e+01,6.926988220214843750e+01
6.444444274902343750e+01,6.945885467529296875e+01
6.462500000000000000e+01,6.943983459472656250e+01
6.225000000000000000e+01,6.929577636718750000e+01
6.362500000000000000e+01,6.915256500244140625e+01
6.433333587646484375e+01,6.855245971679687500e+01
6.562500000000000000e+01,6.828727722167968750e+01
6.255555725097656250e+01,6.815612030029296875e+01
6.433333587646484375e+01,6.802152252197265625e+01
6.175000000000000000e+01,6.814251708984375000e+01
6.311111068725585938e+01,6.859669494628906250e+01
6.100000000000000000e+01,6.893111419677734375e+01
6.225000000000000000e+01,6.899888610839843750e+01
6.166666793823242188e+01,6.907907104492187500e+01
4.262500000000000000e+01,6.922164916992187500e+01
4.522222137451171875e+01,6.905681610107421875e+01
5.275000000000000000e+01,6.874536895751953125e+01
6.411111450195312500e+01,6.752773284912109375e+01
6.125000000000000000e+01,6.715461730957031250e+01
6.362500000000000000e+01,6.683094024658203125e+01
6.100000000000000000e+01,6.629640960693359375e+01
4.600000000000000000e+01,6.491506195068359375e+01
2.975000000000000000e+01,6.248650741577148438e+01
3.688888931274414062e+01,5.808794784545898438e+01
4.500000000000000000e+01,5.316410064697265625e+01
6.300000000000000000e+01,4.886155700683593750e+01
6.577777862548828125e+01,4.600382232666015625e+01
6.500000000000000000e+01,4.410245132446289062e+01
6.655555725097656250e+01,4.277765655517578125e+01
6.737500000000000000e+01,4.160694885253906250e+01
6.225000000000000000e+01,4.122078704833984375e+01
6.888889312744140625e+01,4.128176116943359375e+01
6.812500000000000000e+01,4.109417343139648438e+01
6.562500000000000000e+01,4.170287704467773438e+01
6.662500000000000000e+01,4.171786117553710938e+01
6.825000000000000000e+01,4.151976013183593750e+01
6.842857360839843750e+01,4.180615615844726562e+01
6.750000000000000000e+01,4.319722747802734375e+01
6.750000000000000000e+01,4.461069488525390625e+01
6.811111450195312500e+01,4.495148086547851562e+01
6.775000000000000000e+01,4.546438217163085938e+01
6.875000000000000000e+01,4.745798873901367188e+01
6.912500000000000000e+01,5.075830078125000000e+01
6.875000000000000000e+01,5.409858322143554688e+01
6.811111450195312500e+01,5.703479766845703125e+01
6.887500000000000000e+01,5.866808319091796875e+01
6.700000000000000000e+01,6.021574020385742188e+01
6.762500000000000000e+01,6.233575439453125000e+01
6.675000000000000000e+01,6.409131622314453125e+01
6.877777862548828125e+01,6.615389251708984375e+01
6.737500000000000000e+01,6.756374359130859375e+01
6.655555725097656250e+01,6.915093994140625000e+01
6.812500000000000000e+01,7.061162567138671875e+01
6.400000000000000000e+01,7.174219512939453125e+01
6.628571319580078125e+01,7.256845855712890625e+01
6.588888549804687500e+01,7.342150115966796875e+01
6.633333587646484375e+01,7.423792266845703125e+01
6.800000000000000000e+01,7.482212829589843750e+01
6.677777862548828125e+01,7.502946472167968750e+01
6.587500000000000000e+01,7.513137054443359375e+01
6.625000000000000000e+01,7.510668182373046875e+01
6.500000000000000000e+01,7.494644927978515625e+01
6.612500000000000000e+01,7.468031311035156250e+01
6.511111450195312500e+01,7.466937255859375000e+01
6.700000000000000000e+01,7.465991210937500000e+01
6.722222137451171875e+01,7.450177001953125000e+01
6.537500000000000000e+01,7.456446838378906250e+01
6.437500000000000000e+01,7.464441680908203125e+01
6.722222137451171875e+01,7.474079895019531250e+01
6.700000000000000000e+01,7.475611877441406250e+01
6.633333587646484375e+01,7.472739410400390625e+01
6.537500000000000000e+01,7.472647857666015625e+01
6.555555725097656250e+01,7.449263000488281250e+01
6.612500000000000000e+01,7.436534881591796875e+01
6.712500000000000000e+01,7.389711761474609375e+01
6.077777862548828125e+01,7.407575988769531250e+01
6.500000000000000000e+01,7.432523345947265625e+01
6.466666412353515625e+01,7.461985015869140625e+01
6.262500000000000000e+01,7.446474456787109375e+01
6.500000000000000000e+01,7.429724884033203125e+01
6.087500000000000000e+01,7.454846954345703125e+01
6.512500000000000000e+01,7.468841552734375000e+01
6.155555725097656250e+01,7.450858306884765625e+01
6.500000000000000000e+01,7.423130035400390625e+01
6.512500000000000000e+01,7.417700958251953125e+01
6.300000000000000000e+01,7.381652832031250000e+01
6.366666793823242188e+01,7.366743469238281250e+01
6.387500000000000000e+01,7.346047973632812500e+01
6.733333587646484375e+01,7.376994323730468750e+01
6.100000000000000000e+01,7.385494232177734375e+01
6.212500000000000000e+01,7.385300445556640625e+01
6.500000000000000000e+01,7.395818328857421875e+01
6.222222137451171875e+01,7.383695983886718750e+01
6.066666793823242188e+01,7.381636047363281250e+01
6.300000000000000000e+01,7.380455017089843750e+01
5.344444274902343750e+01,7.381203460693359375e+01
6.387500000000000000e+01,7.385072326660156250e+01
6.175000000000000000e+01,7.352590179443359375e+01
6.244444656372070312e+01,7.325444793701171875e+01
6.437500000000000000e+01,7.333889007568359375e+01
5.444444274902343750e+01,7.352581024169921875e+01
5.525000000000000000e+01,7.312525177001953125e+01
6.312500000000000000e+01,7.309386444091796875e+01
6.150000000000000000e+01,7.145835113525390625e+01
6.150000000000000000e+01,6.967831420898437500e+01
6.577777862548828125e+01,6.869763183593750000e+01
6.662500000000000000e+01,6.744425201416015625e+01
6.337500000000000000e+01,6.610866546630859375e+01
6.400000000000000000e+01,6.680942535400390625e+01
6.711111450195312500e+01,6.760575103759765625e+01
6.087500000000000000e+01,6.839248657226562500e+01
5.811111068725585938e+01,6.900916290283203125e+01
6.225000000000000000e+01,6.812198638916015625e+01
4.862500000000000000e+01,6.704177856445312500e+01
6.075000000000000000e+01,6.715153503417968750e+01
6.100000000000000000e+01,6.710665893554687500e+01
5.300000000000000000e+01,6.679913330078125000e+01
6.733333587646484375e+01,6.742619323730468750e+01
6.400000000000000000e+01,6.754292297363281250e+01
6.075000000000000000e+01,6.773460388183593750e+01
6.157143020629882812e+01,6.722160339355468750e+01
5.987500000000000000e+01,6.752945709228515625e+01
6.112500000000000000e+01,6.724391174316406250e+01
5.900000000000000000e+01,6.651410675048828125e+01
5.487500000000000000e+01,6.627696990966796875e+01
6.100000000000000000e+01,6.529378509521484375e+01
6.144444274902343750e+01,6.519601440429687500e+01
5.557143020629882812e+01,6.483328247070312500e+01
6.100000000000000000e+01,6.369079971313476562e+01
5.487500000000000000e+01,6.557982635498046875e+01
5.811111068725585938e+01,6.603179931640625000e+01
5.850000000000000000e+01,6.578048706054687500e+01
5.266666793823242188e+01,6.674663543701171875e+01
6.075000000000000000e+01,6.662551879882812500e+01
5.400000000000000000e+01,6.657749176025390625e+01
5.950000000000000000e+01,6.657595062255859375e+01
6.366666793823242188e+01,6.483261108398437500e+01
5.325000000000000000e+01,6.368999862670898438e+01
6.016666793823242188e+01,6.287795257568359375e+01
5.966666793823242188e+01,6.103246688842773438e+01
6.000000000000000000e+01,6.057682037353515625e+01
6.012500000000000000e+01,5.989167785644531250e+01
6.312500000000000000e+01,5.923826217651367188e+01
6.111111068725585938e+01,5.902078628540039062e+01
5.600000000000000000e+01,5.973928070068359375e+01
6.277777862548828125e+01,6.094050598144531250e+01
6.187500000000000000e+01,6.254586791992187500e+01
6.188888931274414062e+01,6.456515502929687500e+01
6.525000000000000000e+01,6.550907135009765625e+01
5.688888931274414062e+01,6.467055511474609375e+01
6.325000000000000000e+01,6.401352691650390625e+01
5.955555725097656250e+01,6.378384399414062500e+01
5.975000000000000000e+01,6.327078628540039062e+01
6.200000000000000000e+01,6.352027893066406250e+01
6.425000000000000000e+01,6.467450714111328125e+01
6.122222137451171875e+01,6.510296630859375000e+01
6.150000000000000000e+01,6.567220306396484375e+01
6.400000000000000000e+01,6.611208343505859375e+01
6.312500000000000000e+01,6.709555053710937500e+01
6.411111450195312500e+01,6.701597595214843750e+01
6.375000000000000000e+01,6.741013336181640625e+01
6.562500000000000000e+01,6.689498901367187500e+01
6.544444274902343750e+01,6.685231018066406250e+01
6.450000000000000000e+01,6.753096008300781250e+01
6.387500000000000000e+01,6.754418182373046875e+01
6.677777862548828125e+01,6.816744995117187500e+01
6.487500000000000000e+01,6.889222717285156250e+01
6.450000000000000000e+01,6.947038269042968750e+01
6.622222137451171875e+01,6.992784118652343750e+01
6.475000000000000000e+01,7.071890258789062500e+01
6.757142639160156250e+01,7.133204650878906250e+01
6.687500000000000000e+01,7.185694122314453125e+01
6.455555725097656250e+01,7.194748687744140625e+01
6.762500000000000000e+01,7.231816864013671875e+01
6.777777862548828125e+01,7.233679199218750000e+01
6.850000000000000000e+01,7.255673980712890625e+01
6.775000000000000000e+01,7.258414459228515625e+01
6.837500000000000000e+01,7.246355438232421875e+01
6.788888549804687500e+01,7.227641296386718750e+01
6.775000000000000000e+01,7.215004730224609375e+01
6.744444274902343750e+01,7.213583374023437500e+01
6.712500000000000000e+01,7.209976959228515625e+01
6.562500000000000000e+01,7.219555664062500000e+01
6.700000000000000000e+01,7.232489776611328125e+01
6.750000000000000000e+01,7.200016021728515625e+01
6.700000000000000000e+01,7.172866821289062500e+01
6.566666412353515625e+01,7.158512115478515625e+01
6.575000000000000000e+01,7.157680511474609375e+01
6.611111450195312500e+01,7.144892120361328125e+01
6.412500000000000000e+01,7.121835327148437500e+01
6.800000000000000000e+01,7.074335479736328125e+01
6.650000000000000000e+01,6.975883483886718750e+01
6.655555725097656250e+01,6.872884368896484375e+01
6.637500000000000000e+01,6.775327301025390625e+01
6.475000000000000000e+01,6.678828430175781250e+01
6.666666412353515625e+01,6.609863281250000000e+01
6.477777862548828125e+01,6.558689880371093750e+01
6.588888549804687500e+01,6.497029876708984375e+01
6.625000000000000000e+01,6.448582458496093750e+01
6.300000000000000000e+01,6.454987335205078125e+01
6.562500000000000000e+01,6.462689971923828125e+01
6.455555725097656250e+01,6.418849945068359375e+01
6.244444656372070312e+01,6.438441467285156250e+01
6.462500000000000000e+01,6.431998443603515625e+01
6.233333206176757812e+01,6.421749114990234375e+01
6.562500000000000000e+01,6.407282257080078125e+01
6.287500000000000000e+01,6.297375488281250000e+01
6.466666412353515625e+01,6.274816131591796875e+01
9.982553592635667883e-07,6.240938568115234375e+01
9.982553592635667883e-07,6.239968109130859375e+01
9.982553592635667883e-07,6.275527191162109375e+01
9.982553592635667883e-07,6.117551422119140625e+01
9.982553592635667883e-07,6.172232818603515625e+01
9.982553592635667883e-07,6.187824249267578125e+01
9.982553592635667883e-07,6.124275970458984375e+01
9.982553592635667883e-07,6.132672882080078125e+01
9.982553592635667883e-07,6.138735580444335938e+01
9.982553592635667883e-07,6.214541244506835938e+01
6.500000000000000000e+01,6.276545333862304688e+01
6.362500000000000000e+01,6.368112182617187500e+01
6.600000000000000000e+01,3.571436691284179688e+01
6.900000000000000000e+01,3.194375801086425781e+01
6.475000000000000000e+01,2.961761665344238281e+01
6.400000000000000000e+01,2.820138549804687500e+01
6.500000000000000000e+01,2.722536659240722656e+01
6.562500000000000000e+01,2.651318931579589844e+01
6.285714340209960938e+01,2.597046089172363281e+01
6.211111068725585938e+01,2.555251502990722656e+01
6.350000000000000000e+01,2.517987823486328125e+01
6.362500000000000000e+01,2.492919158935546875e+01
6.366666793823242188e+01,2.846726799011230469e+01
6.325000000000000000e+01,3.642126846313476562e+01
6.388888931274414062e+01,4.936096572875976562e+01
6.187500000000000000e+01,5.997216796875000000e+01
6.522222137451171875e+01,6.507121276855468750e+01
6.350000000000000000e+01,6.774507904052734375e+01
6.322222137451171875e+01,6.931390380859375000e+01
6.287500000000000000e+01,7.009339904785156250e+01
6.422222137451171875e+01,7.072498321533203125e+01
6.350000000000000000e+01,7.085865020751953125e+01
6.555555725097656250e+01,7.097571563720703125e+01
6.412500000000000000e+01,7.026168823242187500e+01
6.500000000000000000e+01,7.013814544677734375e+01
6.266666793823242188e+01,7.020389556884765625e+01
6.400000000000000000e+01,7.020153045654296875e+01
6.512500000000000000e+01,7.027014923095703125e+01
6.233333206176757812e+01,7.042742156982421875e+01
6.312500000000000000e+01,7.072554016113281250e+01
6.512500000000000000e+01,7.094179534912109375e+01
6.350000000000000000e+01,7.112490081787109375e+01
6.550000000000000000e+01,7.128480529785156250e+01
6.387500000000000000e+01,7.135965728759765625e+01
6.433333587646484375e+01,7.142307281494140625e+01
6.422222137451171875e+01,7.152686309814453125e+01
6.387500000000000000e+01,7.176389312744140625e+01
6.412500000000000000e+01,7.168781280517578125e+01
6.155555725097656250e+01,7.137818908691406250e+01
6.411111450195312500e+01,7.138578033447265625e+01
6.240000152587890625e+01,7.151490783691406250e+01
6.200000000000000000e+01,7.153450775146484375e+01
9.982553592635667883e-07,7.176860046386718750e+01
9.982553592635667883e-07,7.157143402099609375e+01
9.982553592635667883e-07,7.130088806152343750e+01
9.982553592635667883e-07,7.122130584716796875e+01
9.982553592635667883e-07,7.127082061767578125e+01
9.982553592635667883e-07,7.120540618896484375e+01
9.982553592635667883e-07,7.132822418212890625e+01
9.982553592635667883e-07,7.154499053955078125e+01
9.982553592635667883e-07,7.165711212158203125e+01
